Workbook

Sheet Settings
A1: Field | B1: Value
A2: Symbol | B2: EURUSD
A3: Point | B3: 0.0001
A4: PointValuePerLot | B4: 1
A5: StepPoints | B5: 100
A6: MinLot | B6: 0.01
A7: LotStep | B7: 0.01
A8: MaxActiveSections | B8: 4
A9: ReservePercent | B9: 0.2
A10: RecoveryPercent | B10: 0.8
A11: BasketTarget | B11: 0
A12: MaxSpreadPoints | B12: 20
A13: CommissionPerLot | B13: 0
A14: SwapPerLot | B14: 0
... A18: RecoveryFund | B18: 0
A19: CostMode | B19: FULL_CYCLE
A20: Level | B20: BigRatio | C20: SmallRatio
A21: 1 | B21: 0.4 | C21: 0.15
A22: 2 | B22: 0.25 | C22: 0.1
A23: 3 | B23: 0.15 | C23: 0.06
A24: 4 | B24: 0.1 | C24: 0.04

Sheet CurrentPositions
A1: Ticket | B1: Type | C1: Role | D1: Lot | E1: OpenPrice | F1: CurrentPrice | G1: PointsPnL | H1: MoneyPnL | I1: IsTail | J1: SectionID
A2: 10001 | B2: BUY | C2: MAIN | D2: 1 | E2: 1.23 | F2: 1.23 | G2: =IF(B2="BUY",(F2-E2)/Settings!$B$3,(E2-F2)/Settings!$B$3) -> 0 | H2: =G2*D2*Settings!$B$4 -> 0 | I2: NO
A3: 10002 | B3: SELL | C3: TAIL | D3: 1 | E3: 1.23 | F3: 1.23 | G3: =IF(B3="BUY",(F3-E3)/Settings!$B$3,(E3-F3)/Settings!$B$3) -> 0 | H3: =G3*D3*Settings!$B$4 -> 0 | I3: YES
A4: 10003 | B4: SELL | C4: SECTION_BIG | D4: 0.4 | E4: 1.235 | F4: 1.23 | G4: =IF(B4="BUY",(F4-E4)/Settings!$B$3,(E4-F4)/Settings!$B$3) -> 50 | H4: =G4*D4*Settings!$B$4 -> 20 | I4: NO | J4: S1
A5: 10004 | B5: BUY | C5: SECTION_SMALL | D5: 0.15 | E5: 1.235 | F5: 1.23 | G5: =IF(B5="BUY",(F5-E5)/Settings!$B$3,(E5-F5)/Settings!$B$3) -> -50 | H5: =G5*D5*Settings!$B$4 -> -7.5 | I5: NO | J5: S1

Sheet Scenario_UP
A1: Field | B1: Value | D1: AverageBuyPrice | E1: =IFERROR(SUMPRODUCT((B7:B206="BUY")*E7:E206*D7:D206)/SUMIFS(D7:D206,B7:B206,"BUY"),0) -> 0
A2: CurrentPrice | B2: =CurrentPositions!F2 -> 1.23 | D2: AverageSellPrice | E2: =IFERROR(SUMPRODUCT((B7:B206="SELL")*E7:E206*D7:D206)/SUMIFS(D7:D206,B7:B206,"SELL"),0) -> 0
A3: MoveUpPoints | B3: 100 | D3: Center | E3: =(E1+E2)/2 -> #VALUE!
A4: ScenarioPrice | B4: =B2+B3*Settings!$B$3 -> 1.24 | D4: UpperLevel1 | E4: =E3+1*Settings!$B$5*Settings!$B$3 -> #VALUE!
D5: UpperLevel2 | E5: =E3+2*Settings!$B$5*Settings!$B$3 -> #VALUE!
A6: Ticket | B6: Type | C6: Role | D6: UpperLevel3 | E6: =E3+3*Settings!$B$5*Settings!$B$3 -> #VALUE! | F6: ScenarioPrice | G6: ScenarioPointsPnL | H6: ScenarioMoneyPnL | I6: IsTail | J6: SectionID
A7: 10010 | B7: SELL | C7: =CurrentPositions!C2 -> MAIN | D7: UpperLevel4 | E7: =E3+4*Settings!$B$5*Settings!$B$3 -> #VALUE! | F7: =$B$4 -> 1.24 | G7: =IF(B7="BUY",(F7-E7)/Settings!$B$3,(E7-F7)/Settings!$B$3) -> #VALUE! | H7: -50 | I7: =CurrentPositions!I2 -> NO | J7: =CurrentPositions!J2 -> 0
A8: 10005 | B8: SELL | C8: =CurrentPositions!C3 -> TAIL | D8: =CurrentPositions!D3 -> 1 | E8: =CurrentPositions!E3 -> 1.23 | F8: =$B$4 -> 1.24 | G8: =IF(B8="BUY",(F8-E8)/Settings!$B$3,(E8-F8)/Settings!$B$3) -> -100 | H8: -50 | I8: =CurrentPositions!I3 -> YES | J8: =CurrentPositions!J3 -> 0
A9: 10020 | B9: SELL | C9: =CurrentPositions!C4 -> SECTION_BIG | D9: LowerLevel1 | E9: =E3-1*Settings!$B$5*Settings!$B$3 -> #VALUE! | F9: =$B$4 -> 1.24 | G9: =IF(B9="BUY",(F9-E9)/Settings!$B$3,(E9-F9)/Settings!$B$3) -> #VALUE! | H9: -10 | I9: =CurrentPositions!I4 -> NO | J9: =CurrentPositions!J4 -> S1
A10: =CurrentPositions!A5 -> 10004 | B10: =CurrentPositions!B5 -> BUY | C10: =CurrentPositions!C5 -> SECTION_SMALL | D10: LowerLevel2 | E10: =E3-2*Settings!$B$5*Settings!$B$3 -> #VALUE! | F10: =$B$4 -> 1.24 | G10: =IF(B10="BUY",(F10-E10)/Settings!$B$3,(E10-F10)/Settings!$B$3) -> #VALUE! | H10: =G10*D10*Settings!$B$4 -> #VALUE! | I10: =CurrentPositions!I5 -> NO | J10: =CurrentPositions!J5 -> S1
A11: =CurrentPositions!A6 -> 0 | B11: =CurrentPositions!B6 -> 0 | C11: =CurrentPositions!C6 -> 0 | D11: LowerLevel3 | E11: =E3-3*Settings!$B$5*Settings!$B$3 -> #VALUE! | F11: =$B$4 -> 1.24 | G11: =IF(B11="BUY",(F11-E11)/Settings!$B$3,(E11-F11)/Settings!$B$3) -> #VALUE! | H11: =G11*D11*Settings!$B$4 -> #VALUE! | I11: =CurrentPositions!I6 -> 0 | J11: =CurrentPositions!J6 -> 0
A12: =CurrentPositions!A7 -> 0 | B12: =CurrentPositions!B7 -> 0 | C12: =CurrentPositions!C7 -> 0 | D12: LowerLevel4 | E12: =E3-4*Settings!$B$5*Settings!$B$3 -> #VALUE! | F12: =$B$4 -> 1.24 | G12: =IF(B12="BUY",(F12-E12)/Settings!$B$3,(E12-F12)/Settings!$B$3) -> #VALUE! | H12: =G12*D12*Settings!$B$4 -> #VALUE! | I12: =CurrentPositions!I7 -> 0 | J12: =CurrentPositions!J7 -> 0
A13: =CurrentPositions!A8 -> 0 | B13: =CurrentPositions!B8 -> 0 | C13: =CurrentPositions!C8 -> 0 | D13: =CurrentPositions!D8 -> 0 | E13: =CurrentPositions!E8 -> 0 | F13: =$B$4 -> 1.24 | G13: =IF(B13="BUY",(F13-E13)/Settings!$B$3,(E13-F13)/Settings!$B$3) -> -12400 | H13: =G13*D13*Settings!$B$4 -> 0 | I13: =CurrentPositions!I8 -> 0 | J13: =CurrentPositions!J8 -> 0
A14: =CurrentPositions!A9 -> 0 | B14: =CurrentPositions!B9 -> 0 | C14: =CurrentPositions!C9 -> 0 | D14: =CurrentPositions!D9 -> 0 | E14: =CurrentPositions!E9 -> 0 | F14: =$B$4 -> 1.24 | G14: =IF(B14="BUY",(F14-E14)/Settings!$B$3,(E14-F14)/Settings!$B$3) -> -12400 | H14: =G14*D14*Settings!$B$4 -> 0 | I14: =CurrentPositions!I9 -> 0 | J14: =CurrentPositions!J9 -> 0
A15: =CurrentPositions!A10 -> 0 | B15: =CurrentPositions!B10 -> 0 | C15: =CurrentPositions!C10 -> 0 | D15: =CurrentPositions!D10 -> 0 | E15: =CurrentPositions!E10 -> 0 | F15: =$B$4 -> 1.24 | G15: =IF(B15="BUY",(F15-E15)/Settings!$B$3,(E15-F15)/Settings!$B$3) -> -12400 | H15: =G15*D15*Settings!$B$4 -> 0 | I15: =CurrentPositions!I10 -> 0 | J15: =CurrentPositions!J10 -> 0
A16: =CurrentPositions!A11 -> 0 | B16: =CurrentPositions!B11 -> 0 | C16: =CurrentPositions!C11 -> 0 | D16: =CurrentPositions!D11 -> 0 | E16: =CurrentPositions!E11 -> 0 | F16: =$B$4 -> 1.24 | G16: =IF(B16="BUY",(F16-E16)/Settings!$B$3,(E16-F16)/Settings!$B$3) -> -12400 | H16: =G16*D16*Settings!$B$4 -> 0 | I16: =CurrentPositions!I11 -> 0 | J16: =CurrentPositions!J11 -> 0
A17: =CurrentPositions!A12 -> 0 | B17: =CurrentPositions!B12 -> 0 | C17: =CurrentPositions!C12 -> 0 | D17: =CurrentPositions!D12 -> 0 | E17: =CurrentPositions!E12 -> 0 | F17: =$B$4 -> 1.24 | G17: =IF(B17="BUY",(F17-E17)/Settings!$B$3,(E17-F17)/Settings!$B$3) -> -12400 | H17: =G17*D17*Settings!$B$4 -> 0 | I17: =CurrentPositions!I12 -> 0 | J17: =CurrentPositions!J12 -> 0
A18: =CurrentPositions!A13 -> 0 | B18: =CurrentPositions!B13 -> 0 | C18: =CurrentPositions!C13 -> 0 | D18: =CurrentPositions!D13 -> 0 | E18: =CurrentPositions!E13 -> 0 | F18: =$B$4 -> 1.24 | G18: =IF(B18="BUY",(F18-E18)/Settings!$B$3,(E18-F18)/Settings!$B$3) -> -12400 | H18: =G18*D18*Settings!$B$4 -> 0 | I18: =CurrentPositions!I13 -> 0 | J18: =CurrentPositions!J13 -> 0
A19: =CurrentPositions!A14 -> 0 | B19: =CurrentPositions!B14 -> 0 | C19: =CurrentPositions!C14 -> 0 | D19: =CurrentPositions!D14 -> 0 | E19: =CurrentPositions!E14 -> 0 | F19: =$B$4 -> 1.24 | G19: =IF(B19="BUY",(F19-E19)/Settings!$B$3,(E19-F19)/Settings!$B$3) -> -12400 | H19: =G19*D19*Settings!$B$4 -> 0 | I19: =CurrentPositions!I14 -> 0 | J19: =CurrentPositions!J14 -> 0
A20: =CurrentPositions!A15 -> 0 | B20: =CurrentPositions!B15 -> 0 | C20: =CurrentPositions!C15 -> 0 | D20: =CurrentPositions!D15 -> 0 | E20: =CurrentPositions!E15 -> 0 | F20: =$B$4 -> 1.24 | G20: =IF(B20="BUY",(F20-E20)/Settings!$B$3,(E20-F20)/Settings!$B$3) -> -12400 | H20: =G20*D20*Settings!$B$4 -> 0 | I20: =CurrentPositions!I15 -> 0 | J20: =CurrentPositions!J15 -> 0
A21: =CurrentPositions!A16 -> 0 | B21: =CurrentPositions!B16 -> 0 | C21: =CurrentPositions!C16 -> 0 | D21: =CurrentPositions!D16 -> 0 | E21: =CurrentPositions!E16 -> 0 | F21: =$B$4 -> 1.24 | G21: =IF(B21="BUY",(F21-E21)/Settings!$B$3,(E21-F21)/Settings!$B$3) -> -12400 | H21: =G21*D21*Settings!$B$4 -> 0 | I21: =CurrentPositions!I16 -> 0 | J21: =CurrentPositions!J16 -> 0
A22: =CurrentPositions!A17 -> 0 | B22: =CurrentPositions!B17 -> 0 | C22: =CurrentPositions!C17 -> 0 | D22: =CurrentPositions!D17 -> 0 | E22: =CurrentPositions!E17 -> 0 | F22: =$B$4 -> 1.24 | G22: =IF(B22="BUY",(F22-E22)/Settings!$B$3,(E22-F22)/Settings!$B$3) -> -12400 | H22: =G22*D22*Settings!$B$4 -> 0 | I22: =CurrentPositions!I17 -> 0 | J22: =CurrentPositions!J17 -> 0
A23: =CurrentPositions!A18 -> 0 | B23: =CurrentPositions!B18 -> 0 | C23: =CurrentPositions!C18 -> 0 | D23: =CurrentPositions!D18 -> 0 | E23: =CurrentPositions!E18 -> 0 | F23: =$B$4 -> 1.24 | G23: =IF(B23="BUY",(F23-E23)/Settings!$B$3,(E23-F23)/Settings!$B$3) -> -12400 | H23: =G23*D23*Settings!$B$4 -> 0 | I23: =CurrentPositions!I18 -> 0 | J23: =CurrentPositions!J18 -> 0
A24: =CurrentPositions!A19 -> 0 | B24: =CurrentPositions!B19 -> 0 | C24: =CurrentPositions!C19 -> 0 | D24: =CurrentPositions!D19 -> 0 | E24: =CurrentPositions!E19 -> 0 | F24: =$B$4 -> 1.24 | G24: =IF(B24="BUY",(F24-E24)/Settings!$B$3,(E24-F24)/Settings!$B$3) -> -12400 | H24: =G24*D24*Settings!$B$4 -> 0 | I24: =CurrentPositions!I19 -> 0 | J24: =CurrentPositions!J19 -> 0
... A206: =CurrentPositions!A201 -> 0 | B206: =CurrentPositions!B201 -> 0 | C206: =CurrentPositions!C201 -> 0 | D206: =CurrentPositions!D201 -> 0 | E206: =CurrentPositions!E201 -> 0 | F206: =$B$4 -> 1.24 | G206: =IF(B206="BUY",(F206-E206)/Settings!$B$3,(E206-F206)/Settings!$B$3) -> -12400 | H206: =G206*D206*Settings!$B$4 -> 0 | I206: =CurrentPositions!I201 -> 0 | J206: =CurrentPositions!J201 -> 0
A220: TailType | B220: SELL
A221: TailWorstPnL | B221: =MIN(IF(AND(B7="SELL",H7<0),H7,0),IF(AND(B8="SELL",H8<0),H8,0),IF(AND(B9="SELL",H9<0),H9,0)) -> -50
A222: TailTicket | B222: =IF(B7=B8,MIN(A7,A8),IF(H7=B221,A7,IF(H8=B221,A8,A9))) -> 10005
A223: TailLot | B223: =IF(B222="N/A",0,INDEX(D7:D206,MATCH(B222,A7:A206,0))) -> 1
A224: TailLossMoney | B224: =IF(B222="N/A",0,ABS(INDEX(H7:H206,MATCH(B222,A7:A206,0)))) -> 50
A225: TailLossPerLot | B225: =IF(B223=0,0,ABS(B224/B223)) -> 50

Sheet Scenario_DOWN
A1: Field | B1: Value | D1: AverageBuyPrice | E1: =IFERROR(SUMPRODUCT((B7:B206="BUY")*E7:E206*D7:D206)/SUMIFS(D7:D206,B7:B206,"BUY"),0) -> 0
A2: CurrentPrice | B2: =CurrentPositions!F2 -> 1.23 | D2: AverageSellPrice | E2: =IFERROR(SUMPRODUCT((B7:B206="SELL")*E7:E206*D7:D206)/SUMIFS(D7:D206,B7:B206,"SELL"),0) -> 0
A3: MoveDownPoints | B3: 100 | D3: Center | E3: =(E1+E2)/2 -> #VALUE!
A4: ScenarioPrice | B4: =B2-B3*Settings!$B$3 -> 1.22 | D4: UpperLevel1 | E4: =E3+1*Settings!$B$5*Settings!$B$3 -> #VALUE!
D5: UpperLevel2 | E5: =E3+2*Settings!$B$5*Settings!$B$3 -> #VALUE!
A6: Ticket | B6: Type | C6: Role | D6: UpperLevel3 | E6: =E3+3*Settings!$B$5*Settings!$B$3 -> #VALUE! | F6: ScenarioPrice | G6: ScenarioPointsPnL | H6: ScenarioMoneyPnL | I6: IsTail | J6: SectionID
A7: 20012 | B7: BUY | C7: =CurrentPositions!C2 -> MAIN | D7: UpperLevel4 | E7: =E3+4*Settings!$B$5*Settings!$B$3 -> #VALUE! | F7: =$B$4 -> 1.22 | G7: =IF(B7="BUY",(F7-E7)/Settings!$B$3,(E7-F7)/Settings!$B$3) -> #VALUE! | H7: -80 | I7: =CurrentPositions!I2 -> NO | J7: =CurrentPositions!J2 -> 0
A8: 20003 | B8: BUY | C8: =CurrentPositions!C3 -> TAIL | D8: =CurrentPositions!D3 -> 1 | E8: =CurrentPositions!E3 -> 1.23 | F8: =$B$4 -> 1.22 | G8: =IF(B8="BUY",(F8-E8)/Settings!$B$3,(E8-F8)/Settings!$B$3) -> -100 | H8: -80 | I8: =CurrentPositions!I3 -> YES | J8: =CurrentPositions!J3 -> 0
A9: 20030 | B9: BUY | C9: =CurrentPositions!C4 -> SECTION_BIG | D9: LowerLevel1 | E9: =E3-1*Settings!$B$5*Settings!$B$3 -> #VALUE! | F9: =$B$4 -> 1.22 | G9: =IF(B9="BUY",(F9-E9)/Settings!$B$3,(E9-F9)/Settings!$B$3) -> #VALUE! | H9: -20 | I9: =CurrentPositions!I4 -> NO | J9: =CurrentPositions!J4 -> S1
A10: =CurrentPositions!A5 -> 10004 | B10: =CurrentPositions!B5 -> BUY | C10: =CurrentPositions!C5 -> SECTION_SMALL | D10: LowerLevel2 | E10: =E3-2*Settings!$B$5*Settings!$B$3 -> #VALUE! | F10: =$B$4 -> 1.22 | G10: =IF(B10="BUY",(F10-E10)/Settings!$B$3,(E10-F10)/Settings!$B$3) -> #VALUE! | H10: =G10*D10*Settings!$B$4 -> #VALUE! | I10: =CurrentPositions!I5 -> NO | J10: =CurrentPositions!J5 -> S1
A11: =CurrentPositions!A6 -> 0 | B11: =CurrentPositions!B6 -> 0 | C11: =CurrentPositions!C6 -> 0 | D11: LowerLevel3 | E11: =E3-3*Settings!$B$5*Settings!$B$3 -> #VALUE! | F11: =$B$4 -> 1.22 | G11: =IF(B11="BUY",(F11-E11)/Settings!$B$3,(E11-F11)/Settings!$B$3) -> #VALUE! | H11: =G11*D11*Settings!$B$4 -> #VALUE! | I11: =CurrentPositions!I6 -> 0 | J11: =CurrentPositions!J6 -> 0
A12: =CurrentPositions!A7 -> 0 | B12: =CurrentPositions!B7 -> 0 | C12: =CurrentPositions!C7 -> 0 | D12: LowerLevel4 | E12: =E3-4*Settings!$B$5*Settings!$B$3 -> #VALUE! | F12: =$B$4 -> 1.22 | G12: =IF(B12="BUY",(F12-E12)/Settings!$B$3,(E12-F12)/Settings!$B$3) -> #VALUE! | H12: =G12*D12*Settings!$B$4 -> #VALUE! | I12: =CurrentPositions!I7 -> 0 | J12: =CurrentPositions!J7 -> 0
A13: =CurrentPositions!A8 -> 0 | B13: =CurrentPositions!B8 -> 0 | C13: =CurrentPositions!C8 -> 0 | D13: =CurrentPositions!D8 -> 0 | E13: =CurrentPositions!E8 -> 0 | F13: =$B$4 -> 1.22 | G13: =IF(B13="BUY",(F13-E13)/Settings!$B$3,(E13-F13)/Settings!$B$3) -> -12200 | H13: =G13*D13*Settings!$B$4 -> 0 | I13: =CurrentPositions!I8 -> 0 | J13: =CurrentPositions!J8 -> 0
A14: =CurrentPositions!A9 -> 0 | B14: =CurrentPositions!B9 -> 0 | C14: =CurrentPositions!C9 -> 0 | D14: =CurrentPositions!D9 -> 0 | E14: =CurrentPositions!E9 -> 0 | F14: =$B$4 -> 1.22 | G14: =IF(B14="BUY",(F14-E14)/Settings!$B$3,(E14-F14)/Settings!$B$3) -> -12200 | H14: =G14*D14*Settings!$B$4 -> 0 | I14: =CurrentPositions!I9 -> 0 | J14: =CurrentPositions!J9 -> 0
A15: =CurrentPositions!A10 -> 0 | B15: =CurrentPositions!B10 -> 0 | C15: =CurrentPositions!C10 -> 0 | D15: =CurrentPositions!D10 -> 0 | E15: =CurrentPositions!E10 -> 0 | F15: =$B$4 -> 1.22 | G15: =IF(B15="BUY",(F15-E15)/Settings!$B$3,(E15-F15)/Settings!$B$3) -> -12200 | H15: =G15*D15*Settings!$B$4 -> 0 | I15: =CurrentPositions!I10 -> 0 | J15: =CurrentPositions!J10 -> 0
A16: =CurrentPositions!A11 -> 0 | B16: =CurrentPositions!B11 -> 0 | C16: =CurrentPositions!C11 -> 0 | D16: =CurrentPositions!D11 -> 0 | E16: =CurrentPositions!E11 -> 0 | F16: =$B$4 -> 1.22 | G16: =IF(B16="BUY",(F16-E16)/Settings!$B$3,(E16-F16)/Settings!$B$3) -> -12200 | H16: =G16*D16*Settings!$B$4 -> 0 | I16: =CurrentPositions!I11 -> 0 | J16: =CurrentPositions!J11 -> 0
A17: =CurrentPositions!A12 -> 0 | B17: =CurrentPositions!B12 -> 0 | C17: =CurrentPositions!C12 -> 0 | D17: =CurrentPositions!D12 -> 0 | E17: =CurrentPositions!E12 -> 0 | F17: =$B$4 -> 1.22 | G17: =IF(B17="BUY",(F17-E17)/Settings!$B$3,(E17-F17)/Settings!$B$3) -> -12200 | H17: =G17*D17*Settings!$B$4 -> 0 | I17: =CurrentPositions!I12 -> 0 | J17: =CurrentPositions!J12 -> 0
A18: =CurrentPositions!A13 -> 0 | B18: =CurrentPositions!B13 -> 0 | C18: =CurrentPositions!C13 -> 0 | D18: =CurrentPositions!D13 -> 0 | E18: =CurrentPositions!E13 -> 0 | F18: =$B$4 -> 1.22 | G18: =IF(B18="BUY",(F18-E18)/Settings!$B$3,(E18-F18)/Settings!$B$3) -> -12200 | H18: =G18*D18*Settings!$B$4 -> 0 | I18: =CurrentPositions!I13 -> 0 | J18: =CurrentPositions!J13 -> 0
A19: =CurrentPositions!A14 -> 0 | B19: =CurrentPositions!B14 -> 0 | C19: =CurrentPositions!C14 -> 0 | D19: =CurrentPositions!D14 -> 0 | E19: =CurrentPositions!E14 -> 0 | F19: =$B$4 -> 1.22 | G19: =IF(B19="BUY",(F19-E19)/Settings!$B$3,(E19-F19)/Settings!$B$3) -> -12200 | H19: =G19*D19*Settings!$B$4 -> 0 | I19: =CurrentPositions!I14 -> 0 | J19: =CurrentPositions!J14 -> 0
A20: =CurrentPositions!A15 -> 0 | B20: =CurrentPositions!B15 -> 0 | C20: =CurrentPositions!C15 -> 0 | D20: =CurrentPositions!D15 -> 0 | E20: =CurrentPositions!E15 -> 0 | F20: =$B$4 -> 1.22 | G20: =IF(B20="BUY",(F20-E20)/Settings!$B$3,(E20-F20)/Settings!$B$3) -> -12200 | H20: =G20*D20*Settings!$B$4 -> 0 | I20: =CurrentPositions!I15 -> 0 | J20: =CurrentPositions!J15 -> 0
A21: =CurrentPositions!A16 -> 0 | B21: =CurrentPositions!B16 -> 0 | C21: =CurrentPositions!C16 -> 0 | D21: =CurrentPositions!D16 -> 0 | E21: =CurrentPositions!E16 -> 0 | F21: =$B$4 -> 1.22 | G21: =IF(B21="BUY",(F21-E21)/Settings!$B$3,(E21-F21)/Settings!$B$3) -> -12200 | H21: =G21*D21*Settings!$B$4 -> 0 | I21: =CurrentPositions!I16 -> 0 | J21: =CurrentPositions!J16 -> 0
A22: =CurrentPositions!A17 -> 0 | B22: =CurrentPositions!B17 -> 0 | C22: =CurrentPositions!C17 -> 0 | D22: =CurrentPositions!D17 -> 0 | E22: =CurrentPositions!E17 -> 0 | F22: =$B$4 -> 1.22 | G22: =IF(B22="BUY",(F22-E22)/Settings!$B$3,(E22-F22)/Settings!$B$3) -> -12200 | H22: =G22*D22*Settings!$B$4 -> 0 | I22: =CurrentPositions!I17 -> 0 | J22: =CurrentPositions!J17 -> 0
A23: =CurrentPositions!A18 -> 0 | B23: =CurrentPositions!B18 -> 0 | C23: =CurrentPositions!C18 -> 0 | D23: =CurrentPositions!D18 -> 0 | E23: =CurrentPositions!E18 -> 0 | F23: =$B$4 -> 1.22 | G23: =IF(B23="BUY",(F23-E23)/Settings!$B$3,(E23-F23)/Settings!$B$3) -> -12200 | H23: =G23*D23*Settings!$B$4 -> 0 | I23: =CurrentPositions!I18 -> 0 | J23: =CurrentPositions!J18 -> 0
A24: =CurrentPositions!A19 -> 0 | B24: =CurrentPositions!B19 -> 0 | C24: =CurrentPositions!C19 -> 0 | D24: =CurrentPositions!D19 -> 0 | E24: =CurrentPositions!E19 -> 0 | F24: =$B$4 -> 1.22 | G24: =IF(B24="BUY",(F24-E24)/Settings!$B$3,(E24-F24)/Settings!$B$3) -> -12200 | H24: =G24*D24*Settings!$B$4 -> 0 | I24: =CurrentPositions!I19 -> 0 | J24: =CurrentPositions!J19 -> 0
... A206: =CurrentPositions!A201 -> 0 | B206: =CurrentPositions!B201 -> 0 | C206: =CurrentPositions!C201 -> 0 | D206: =CurrentPositions!D201 -> 0 | E206: =CurrentPositions!E201 -> 0 | F206: =$B$4 -> 1.22 | G206: =IF(B206="BUY",(F206-E206)/Settings!$B$3,(E206-F206)/Settings!$B$3) -> -12200 | H206: =G206*D206*Settings!$B$4 -> 0 | I206: =CurrentPositions!I201 -> 0 | J206: =CurrentPositions!J201 -> 0
A220: TailType | B220: BUY
A221: TailWorstPnL | B221: =MIN(IF(AND(B7="BUY",H7<0),H7,0),IF(AND(B8="BUY",H8<0),H8,0),IF(AND(B9="BUY",H9<0),H9,0)) -> -80
A222: TailTicket | B222: =IF(B7=B8,MIN(A7,A8),IF(H7=B221,A7,IF(H8=B221,A8,A9))) -> 20003
A223: TailLot | B223: =IF(B222="N/A",0,INDEX(D7:D206,MATCH(B222,A7:A206,0))) -> 1
A224: TailLossMoney | B224: =IF(B222="N/A",0,ABS(INDEX(H7:H206,MATCH(B222,A7:A206,0)))) -> 80
A225: TailLossPerLot | B225: =IF(B223=0,0,ABS(B224/B223)) -> 80

Sheet SectionCalculator_UP
A1: Field | B1: Value
A2: TailType | B2: =Scenario_UP!B220 -> SELL
A3: TailLot | B3: =Scenario_UP!B223 -> 1
A4: NextLevel | B4: 1
A5: BigRatio | B5: =INDEX(Settings!B21:B24,MATCH(B4,Settings!A21:A24,0)) -> 0.4
A6: SmallRatio | B6: =INDEX(Settings!C21:C24,MATCH(B4,Settings!A21:A24,0)) -> 0.15
A7: BigLot | B7: =FLOOR(B3*B5,Settings!$B$7) -> 0.4
A8: SmallLot | B8: =FLOOR(B3*B6,Settings!$B$7) -> 0.15
A9: ActiveSections | B9: =COUNTIFS(CurrentPositions!C2:C500,"SECTION_BIG") -> 1
A10: TotalLotAfterOpen | B10: =SUM(CurrentPositions!D2:D500)+B7+B8 -> 3.1
A11: NetLotAfterOpen | B11: =ABS(SUMIFS(CurrentPositions!D2:D500,CurrentPositions!B2:B500,"BUY")+IF(B2="BUY",B7,0)+IF(B2="SELL",B8,0)-SUMIFS(CurrentPositions!D2:D500,CurrentPositions!B2:B500,"SELL")-IF(B2="SELL",B7,0)-IF(B2="BUY",B8,0)) -> 0.5
A12: LevelReached | B12: YES
A13: NoOppositeCascade | B13: YES
A14: CanOpenSection | B14: =IF(AND(B7>=Settings!$B$6,B8>=Settings!$B$6,B8<B7,B7<=B3,B9<Settings!$B$8,B10<=Settings!$B$15,B11<=Settings!$B$16,B12="YES",B13="YES"),"YES","NO") -> YES
A20: SectionID | B20: BigType | C20: BigLot | D20: BigOpenPrice | E20: SmallType | F20: SmallLot | G20: SmallOpenPrice | H20: ScenarioPrice | I20: BigPnL | J20: SmallPnL | K20: Lots | L20: CostMultiplier | M20: SpreadCost | N20: CommissionCost | O20: SwapCost | P20: Costs | Q20: CycleProfit | R20: CanCloseSection
A21: S1 | B21: =IFERROR(INDEX(CurrentPositions!B2:B500,MATCH(1,(CurrentPositions!C2:C500="SECTION_BIG")*(CurrentPositions!J2:J500=A21),0)),"") -> SELL | C21: =IFERROR(INDEX(CurrentPositions!D2:D500,MATCH(1,(CurrentPositions!C2:C500="SECTION_BIG")*(CurrentPositions!J2:J500=A21),0)),0) -> 0.4 | D21: =IFERROR(INDEX(CurrentPositions!E2:E500,MATCH(1,(CurrentPositions!C2:C500="SECTION_BIG")*(CurrentPositions!J2:J500=A21),0)),0) -> 1.235 | E21: =IFERROR(INDEX(CurrentPositions!B2:B500,MATCH(1,(CurrentPositions!C2:C500="SECTION_SMALL")*(CurrentPositions!J2:J500=A21),0)),"") -> BUY | F21: =IFERROR(INDEX(CurrentPositions!D2:D500,MATCH(1,(CurrentPositions!C2:C500="SECTION_SMALL")*(CurrentPositions!J2:J500=A21),0)),0) -> 0.15 | G21: =IFERROR(INDEX(CurrentPositions!E2:E500,MATCH(1,(CurrentPositions!C2:C500="SECTION_SMALL")*(CurrentPositions!J2:J500=A21),0)),0) -> 1.235 | H21: =Scenario_UP!B4 -> 1.24 | I21: =IF(B21="",0,IF(B21="BUY",(H21-D21)/Settings!$B$3*C21*Settings!$B$4,(D21-H21)/Settings!$B$3*C21*Settings!$B$4)) -> -20 | J21: =IF(E21="",0,IF(E21="BUY",(H21-G21)/Settings!$B$3*F21*Settings!$B$4,(G21-H21)/Settings!$B$3*F21*Settings!$B$4)) -> 7.5 | K21: =C21+F21 -> 0.55 | L21: =IF(Settings!$B$19="FULL_CYCLE",2,1) -> 2 | M21: =Settings!$B$12*Settings!$B$4*K21*L21 -> 22 | N21: =Settings!$B$13*K21*L21 -> 0 | O21: =Settings!$B$14*K21 -> 0 | P21: =M21+N21+O21 -> 22 | Q21: =I21+J21-P21 -> -34.5 | R21: =IF(Q21>0,"YES","NO") -> NO
A22: S2 | B22: =IFERROR(INDEX(CurrentPositions!B2:B500,MATCH(1,(CurrentPositions!C2:C500="SECTION_BIG")*(CurrentPositions!J2:J500=A22),0)),"") | C22: =IFERROR(INDEX(CurrentPositions!D2:D500,MATCH(1,(CurrentPositions!C2:C500="SECTION_BIG")*(CurrentPositions!J2:J500=A22),0)),0) -> 0 | D22: =IFERROR(INDEX(CurrentPositions!E2:E500,MATCH(1,(CurrentPositions!C2:C500="SECTION_BIG")*(CurrentPositions!J2:J500=A22),0)),0) -> 0 | E22: =IFERROR(INDEX(CurrentPositions!B2:B500,MATCH(1,(CurrentPositions!C2:C500="SECTION_SMALL")*(CurrentPositions!J2:J500=A22),0)),"") | F22: =IFERROR(INDEX(CurrentPositions!D2:D500,MATCH(1,(CurrentPositions!C2:C500="SECTION_SMALL")*(CurrentPositions!J2:J500=A22),0)),0) -> 0 | G22: =IFERROR(INDEX(CurrentPositions!E2:E500,MATCH(1,(CurrentPositions!C2:C500="SECTION_SMALL")*(CurrentPositions!J2:J500=A22),0)),0) -> 0 | H22: =Scenario_UP!B4 -> 1.24 | I22: =IF(B22="",0,IF(B22="BUY",(H22-D22)/Settings!$B$3*C22*Settings!$B$4,(D22-H22)/Settings!$B$3*C22*Settings!$B$4)) -> 0 | J22: =IF(E22="",0,IF(E22="BUY",(H22-G22)/Settings!$B$3*F22*Settings!$B$4,(G22-H22)/Settings!$B$3*F22*Settings!$B$4)) -> 0 | K22: =C22+F22 -> 0 | L22: =IF(Settings!$B$19="FULL_CYCLE",2,1) -> 2 | M22: =Settings!$B$12*Settings!$B$4*K22*L22 -> 0 | N22: =Settings!$B$13*K22*L22 -> 0 | O22: =Settings!$B$14*K22 -> 0 | P22: =M22+N22+O22 -> 0 | Q22: =I22+J22-P22 -> 0 | R22: =IF(Q22>0,"YES","NO") -> NO
A23: S3 | B23: =IFERROR(INDEX(CurrentPositions!B2:B500,MATCH(1,(CurrentPositions!C2:C500="SECTION_BIG")*(CurrentPositions!J2:J500=A23),0)),"") | C23: =IFERROR(INDEX(CurrentPositions!D2:D500,MATCH(1,(CurrentPositions!C2:C500="SECTION_BIG")*(CurrentPositions!J2:J500=A23),0)),0) -> 0 | D23: =IFERROR(INDEX(CurrentPositions!E2:E500,MATCH(1,(CurrentPositions!C2:C500="SECTION_BIG")*(CurrentPositions!J2:J500=A23),0)),0) -> 0 | E23: =IFERROR(INDEX(CurrentPositions!B2:B500,MATCH(1,(CurrentPositions!C2:C500="SECTION_SMALL")*(CurrentPositions!J2:J500=A23),0)),"") | F23: =IFERROR(INDEX(CurrentPositions!D2:D500,MATCH(1,(CurrentPositions!C2:C500="SECTION_SMALL")*(CurrentPositions!J2:J500=A23),0)),0) -> 0 | G23: =IFERROR(INDEX(CurrentPositions!E2:E500,MATCH(1,(CurrentPositions!C2:C500="SECTION_SMALL")*(CurrentPositions!J2:J500=A23),0)),0) -> 0 | H23: =Scenario_UP!B4 -> 1.24 | I23: =IF(B23="",0,IF(B23="BUY",(H23-D23)/Settings!$B$3*C23*Settings!$B$4,(D23-H23)/Settings!$B$3*C23*Settings!$B$4)) -> 0 | J23: =IF(E23="",0,IF(E23="BUY",(H23-G23)/Settings!$B$3*F23*Settings!$B$4,(G23-H23)/Settings!$B$3*F23*Settings!$B$4)) -> 0 | K23: =C23+F23 -> 0 | L23: =IF(Settings!$B$19="FULL_CYCLE",2,1) -> 2 | M23: =Settings!$B$12*Settings!$B$4*K23*L23 -> 0 | N23: =Settings!$B$13*K23*L23 -> 0 | O23: =Settings!$B$14*K23 -> 0 | P23: =M23+N23+O23 -> 0 | Q23: =I23+J23-P23 -> 0 | R23: =IF(Q23>0,"YES","NO") -> NO
A24: S4 | B24: =IFERROR(INDEX(CurrentPositions!B2:B500,MATCH(1,(CurrentPositions!C2:C500="SECTION_BIG")*(CurrentPositions!J2:J500=A24),0)),"") | C24: =IFERROR(INDEX(CurrentPositions!D2:D500,MATCH(1,(CurrentPositions!C2:C500="SECTION_BIG")*(CurrentPositions!J2:J500=A24),0)),0) -> 0 | D24: =IFERROR(INDEX(CurrentPositions!E2:E500,MATCH(1,(CurrentPositions!C2:C500="SECTION_BIG")*(CurrentPositions!J2:J500=A24),0)),0) -> 0 | E24: =IFERROR(INDEX(CurrentPositions!B2:B500,MATCH(1,(CurrentPositions!C2:C500="SECTION_SMALL")*(CurrentPositions!J2:J500=A24),0)),"") | F24: =IFERROR(INDEX(CurrentPositions!D2:D500,MATCH(1,(CurrentPositions!C2:C500="SECTION_SMALL")*(CurrentPositions!J2:J500=A24),0)),0) -> 0 | G24: =IFERROR(INDEX(CurrentPositions!E2:E500,MATCH(1,(CurrentPositions!C2:C500="SECTION_SMALL")*(CurrentPositions!J2:J500=A24),0)),0) -> 0 | H24: =Scenario_UP!B4 -> 1.24 | I24: =IF(B24="",0,IF(B24="BUY",(H24-D24)/Settings!$B$3*C24*Settings!$B$4,(D24-H24)/Settings!$B$3*C24*Settings!$B$4)) -> 0 | J24: =IF(E24="",0,IF(E24="BUY",(H24-G24)/Settings!$B$3*F24*Settings!$B$4,(G24-H24)/Settings!$B$3*F24*Settings!$B$4)) -> 0 | K24: =C24+F24 -> 0 | L24: =IF(Settings!$B$19="FULL_CYCLE",2,1) -> 2 | M24: =Settings!$B$12*Settings!$B$4*K24*L24 -> 0 | N24: =Settings!$B$13*K24*L24 -> 0 | O24: =Settings!$B$14*K24 -> 0 | P24: =M24+N24+O24 -> 0 | Q24: =I24+J24-P24 -> 0 | R24: =IF(Q24>0,"YES","NO") -> NO
A30: SelectedSectionID | B30: =IFERROR(INDEX(A21:A24,MATCH("YES",R21:R24,0)),"NONE") -> NONE
A31: CycleProfit | B31: =IF(B30="NONE",0,INDEX(Q21:Q24,MATCH(B30,A21:A24,0))) -> 0
A32: CanCloseSection | B32: =IF(B31>0,"YES","NO") -> NO
A33: ReserveAdd | B33: =IF(B31>0,B31*Settings!$B$9,0) -> 0
A34: RecoveryAdd | B34: =IF(B31>0,B31*Settings!$B$10,0) -> 0
A35: NewGlobalReserve | B35: =Settings!$B$17+B33 -> 0
A36: NewRecoveryFund | B36: =Settings!$B$18+B34 -> 0

Sheet SectionCalculator_DOWN
A1: Field | B1: Value
A2: TailType | B2: =Scenario_DOWN!B220 -> BUY
A3: TailLot | B3: =Scenario_DOWN!B223 -> 1
A4: NextLevel | B4: 1
A5: BigRatio | B5: =INDEX(Settings!B21:B24,MATCH(B4,Settings!A21:A24,0)) -> 0.4
A6: SmallRatio | B6: =INDEX(Settings!C21:C24,MATCH(B4,Settings!A21:A24,0)) -> 0.15
A7: BigLot | B7: =FLOOR(B3*B5,Settings!$B$7) -> 0.4
A8: SmallLot | B8: =FLOOR(B3*B6,Settings!$B$7) -> 0.15
A9: ActiveSections | B9: =COUNTIFS(CurrentPositions!C2:C500,"SECTION_BIG") -> 1
A10: TotalLotAfterOpen | B10: =SUM(CurrentPositions!D2:D500)+B7+B8 -> 3.1
A11: NetLotAfterOpen | B11: =ABS(SUMIFS(CurrentPositions!D2:D500,CurrentPositions!B2:B500,"BUY")+IF(B2="BUY",B7,0)+IF(B2="SELL",B8,0)-SUMIFS(CurrentPositions!D2:D500,CurrentPositions!B2:B500,"SELL")-IF(B2="SELL",B7,0)-IF(B2="BUY",B8,0)) -> 0
A12: LevelReached | B12: =IF(Scenario_DOWN!B4<=IF(B4=1,Scenario_DOWN!E9,IF(B4=2,Scenario_DOWN!E10,IF(B4=3,Scenario_DOWN!E11,Scenario_DOWN!E12))),"YES","NO") -> #VALUE!
A13: NoOppositeCascade | B13: =IF(B2="SELL",IF(COUNTIFS(CurrentPositions!B2:B500,"BUY",CurrentPositions!C2:C500,"SECTION_BIG")=0,"YES","NO"),IF(B2="BUY",IF(COUNTIFS(CurrentPositions!B2:B500,"SELL",CurrentPositions!C2:C500,"SECTION_BIG")=0,"YES","NO"),"NO")) -> NO
A14: CanOpenSection | B14: =IF(AND(B7>=Settings!$B$6,B8>=Settings!$B$6,B8<B7,B7<=B3,B9<Settings!$B$8,B10<=Settings!$B$15,B11<=Settings!$B$16,B12="YES",B13="YES"),"YES","NO") -> #VALUE!
A20: SectionID | B20: BigType | C20: BigLot | D20: BigOpenPrice | E20: SmallType | F20: SmallLot | G20: SmallOpenPrice | H20: ScenarioPrice | I20: BigPnL | J20: SmallPnL | K20: Lots | L20: CostMultiplier | M20: SpreadCost | N20: CommissionCost | O20: SwapCost | P20: Costs | Q20: CycleProfit | R20: CanCloseSection
A21: S1 | B21: =IFERROR(INDEX(CurrentPositions!B2:B500,MATCH(1,(CurrentPositions!C2:C500="SECTION_BIG")*(CurrentPositions!J2:J500=A21),0)),"") -> SELL | C21: =IFERROR(INDEX(CurrentPositions!D2:D500,MATCH(1,(CurrentPositions!C2:C500="SECTION_BIG")*(CurrentPositions!J2:J500=A21),0)),0) -> 0.4 | D21: =IFERROR(INDEX(CurrentPositions!E2:E500,MATCH(1,(CurrentPositions!C2:C500="SECTION_BIG")*(CurrentPositions!J2:J500=A21),0)),0) -> 1.235 | E21: =IFERROR(INDEX(CurrentPositions!B2:B500,MATCH(1,(CurrentPositions!C2:C500="SECTION_SMALL")*(CurrentPositions!J2:J500=A21),0)),"") -> BUY | F21: =IFERROR(INDEX(CurrentPositions!D2:D500,MATCH(1,(CurrentPositions!C2:C500="SECTION_SMALL")*(CurrentPositions!J2:J500=A21),0)),0) -> 0.15 | G21: =IFERROR(INDEX(CurrentPositions!E2:E500,MATCH(1,(CurrentPositions!C2:C500="SECTION_SMALL")*(CurrentPositions!J2:J500=A21),0)),0) -> 1.235 | H21: =Scenario_DOWN!B4 -> 1.22 | I21: =IF(B21="",0,IF(B21="BUY",(H21-D21)/Settings!$B$3*C21*Settings!$B$4,(D21-H21)/Settings!$B$3*C21*Settings!$B$4)) -> 60 | J21: =IF(E21="",0,IF(E21="BUY",(H21-G21)/Settings!$B$3*F21*Settings!$B$4,(G21-H21)/Settings!$B$3*F21*Settings!$B$4)) -> -22.5 | K21: =C21+F21 -> 0.55 | L21: =IF(Settings!$B$19="FULL_CYCLE",2,1) -> 2 | M21: =Settings!$B$12*Settings!$B$4*K21*L21 -> 22 | N21: =Settings!$B$13*K21*L21 -> 0 | O21: =Settings!$B$14*K21 -> 0 | P21: =M21+N21+O21 -> 22 | Q21: =I21+J21-P21 -> 15.5 | R21: =IF(Q21>0,"YES","NO") -> YES
A22: S2 | B22: =IFERROR(INDEX(CurrentPositions!B2:B500,MATCH(1,(CurrentPositions!C2:C500="SECTION_BIG")*(CurrentPositions!J2:J500=A22),0)),"") | C22: =IFERROR(INDEX(CurrentPositions!D2:D500,MATCH(1,(CurrentPositions!C2:C500="SECTION_BIG")*(CurrentPositions!J2:J500=A22),0)),0) -> 0 | D22: =IFERROR(INDEX(CurrentPositions!E2:E500,MATCH(1,(CurrentPositions!C2:C500="SECTION_BIG")*(CurrentPositions!J2:J500=A22),0)),0) -> 0 | E22: =IFERROR(INDEX(CurrentPositions!B2:B500,MATCH(1,(CurrentPositions!C2:C500="SECTION_SMALL")*(CurrentPositions!J2:J500=A22),0)),"") | F22: =IFERROR(INDEX(CurrentPositions!D2:D500,MATCH(1,(CurrentPositions!C2:C500="SECTION_SMALL")*(CurrentPositions!J2:J500=A22),0)),0) -> 0 | G22: =IFERROR(INDEX(CurrentPositions!E2:E500,MATCH(1,(CurrentPositions!C2:C500="SECTION_SMALL")*(CurrentPositions!J2:J500=A22),0)),0) -> 0 | H22: =Scenario_DOWN!B4 -> 1.22 | I22: =IF(B22="",0,IF(B22="BUY",(H22-D22)/Settings!$B$3*C22*Settings!$B$4,(D22-H22)/Settings!$B$3*C22*Settings!$B$4)) -> 0 | J22: =IF(E22="",0,IF(E22="BUY",(H22-G22)/Settings!$B$3*F22*Settings!$B$4,(G22-H22)/Settings!$B$3*F22*Settings!$B$4)) -> 0 | K22: =C22+F22 -> 0 | L22: =IF(Settings!$B$19="FULL_CYCLE",2,1) -> 2 | M22: =Settings!$B$12*Settings!$B$4*K22*L22 -> 0 | N22: =Settings!$B$13*K22*L22 -> 0 | O22: =Settings!$B$14*K22 -> 0 | P22: =M22+N22+O22 -> 0 | Q22: =I22+J22-P22 -> 0 | R22: =IF(Q22>0,"YES","NO") -> NO
A23: S3 | B23: =IFERROR(INDEX(CurrentPositions!B2:B500,MATCH(1,(CurrentPositions!C2:C500="SECTION_BIG")*(CurrentPositions!J2:J500=A23),0)),"") | C23: =IFERROR(INDEX(CurrentPositions!D2:D500,MATCH(1,(CurrentPositions!C2:C500="SECTION_BIG")*(CurrentPositions!J2:J500=A23),0)),0) -> 0 | D23: =IFERROR(INDEX(CurrentPositions!E2:E500,MATCH(1,(CurrentPositions!C2:C500="SECTION_BIG")*(CurrentPositions!J2:J500=A23),0)),0) -> 0 | E23: =IFERROR(INDEX(CurrentPositions!B2:B500,MATCH(1,(CurrentPositions!C2:C500="SECTION_SMALL")*(CurrentPositions!J2:J500=A23),0)),"") | F23: =IFERROR(INDEX(CurrentPositions!D2:D500,MATCH(1,(CurrentPositions!C2:C500="SECTION_SMALL")*(CurrentPositions!J2:J500=A23),0)),0) -> 0 | G23: =IFERROR(INDEX(CurrentPositions!E2:E500,MATCH(1,(CurrentPositions!C2:C500="SECTION_SMALL")*(CurrentPositions!J2:J500=A23),0)),0) -> 0 | H23: =Scenario_DOWN!B4 -> 1.22 | I23: =IF(B23="",0,IF(B23="BUY",(H23-D23)/Settings!$B$3*C23*Settings!$B$4,(D23-H23)/Settings!$B$3*C23*Settings!$B$4)) -> 0 | J23: =IF(E23="",0,IF(E23="BUY",(H23-G23)/Settings!$B$3*F23*Settings!$B$4,(G23-H23)/Settings!$B$3*F23*Settings!$B$4)) -> 0 | K23: =C23+F23 -> 0 | L23: =IF(Settings!$B$19="FULL_CYCLE",2,1) -> 2 | M23: =Settings!$B$12*Settings!$B$4*K23*L23 -> 0 | N23: =Settings!$B$13*K23*L23 -> 0 | O23: =Settings!$B$14*K23 -> 0 | P23: =M23+N23+O23 -> 0 | Q23: =I23+J23-P23 -> 0 | R23: =IF(Q23>0,"YES","NO") -> NO
A24: S4 | B24: =IFERROR(INDEX(CurrentPositions!B2:B500,MATCH(1,(CurrentPositions!C2:C500="SECTION_BIG")*(CurrentPositions!J2:J500=A24),0)),"") | C24: =IFERROR(INDEX(CurrentPositions!D2:D500,MATCH(1,(CurrentPositions!C2:C500="SECTION_BIG")*(CurrentPositions!J2:J500=A24),0)),0) -> 0 | D24: =IFERROR(INDEX(CurrentPositions!E2:E500,MATCH(1,(CurrentPositions!C2:C500="SECTION_BIG")*(CurrentPositions!J2:J500=A24),0)),0) -> 0 | E24: =IFERROR(INDEX(CurrentPositions!B2:B500,MATCH(1,(CurrentPositions!C2:C500="SECTION_SMALL")*(CurrentPositions!J2:J500=A24),0)),"") | F24: =IFERROR(INDEX(CurrentPositions!D2:D500,MATCH(1,(CurrentPositions!C2:C500="SECTION_SMALL")*(CurrentPositions!J2:J500=A24),0)),0) -> 0 | G24: =IFERROR(INDEX(CurrentPositions!E2:E500,MATCH(1,(CurrentPositions!C2:C500="SECTION_SMALL")*(CurrentPositions!J2:J500=A24),0)),0) -> 0 | H24: =Scenario_DOWN!B4 -> 1.22 | I24: =IF(B24="",0,IF(B24="BUY",(H24-D24)/Settings!$B$3*C24*Settings!$B$4,(D24-H24)/Settings!$B$3*C24*Settings!$B$4)) -> 0 | J24: =IF(E24="",0,IF(E24="BUY",(H24-G24)/Settings!$B$3*F24*Settings!$B$4,(G24-H24)/Settings!$B$3*F24*Settings!$B$4)) -> 0 | K24: =C24+F24 -> 0 | L24: =IF(Settings!$B$19="FULL_CYCLE",2,1) -> 2 | M24: =Settings!$B$12*Settings!$B$4*K24*L24 -> 0 | N24: =Settings!$B$13*K24*L24 -> 0 | O24: =Settings!$B$14*K24 -> 0 | P24: =M24+N24+O24 -> 0 | Q24: =I24+J24-P24 -> 0 | R24: =IF(Q24>0,"YES","NO") -> NO
A30: SelectedSectionID | B30: =IFERROR(INDEX(A21:A24,MATCH("YES",R21:R24,0)),"NONE") -> S1
A31: CycleProfit | B31: =IF(B30="NONE",0,INDEX(Q21:Q24,MATCH(B30,A21:A24,0))) -> 15.5
A32: CanCloseSection | B32: =IF(B31>0,"YES","NO") -> YES
A33: ReserveAdd | B33: =IF(B31>0,B31*Settings!$B$9,0) -> 3.1
A34: RecoveryAdd | B34: =IF(B31>0,B31*Settings!$B$10,0) -> 12.4
A35: NewGlobalReserve | B35: =Settings!$B$17+B33 -> 3.1
A36: NewRecoveryFund | B36: =Settings!$B$18+B34 -> 12.4

Sheet TailRecovery_UP
A1: Field | B1: Value
A2: TailType | B2: =Scenario_UP!B220 -> SELL
A3: TailTicket | B3: =Scenario_UP!B222 -> 10005
A4: TailLot | B4: =Scenario_UP!B223 -> 1
A5: TailLossPerLot | B5: 400
A6: CanCloseSection | B6: NO
A7: RecoveryFundAfterCycle | B7: 100
A8: CloseLotRaw | B8: =IF(OR(B6<>"YES",B5=0),0,B7/B5) -> 0
A9: CloseLotRounded | B9: =FLOOR(B8,Settings!$B$7) -> 0
A10: CloseLotFinal | B10: =IF(B6="YES",MIN(B9,B4),0) -> 0
A11: CloseAllowed | B11: =IF(AND(B10>=Settings!$B$6,B6="YES"),"YES","NO") -> NO
A12: TailCloseLoss | B12: =B10*B5 -> 0
A13: RecoveryFundAfterClose | B13: =MAX(0,B7-B12) -> 100
A14: TailLotAfterClose | B14: 0.14
A15: NextLevel | B15: 2
A16: NextBigLotAfterRecovery | B16: =FLOOR(B14*INDEX(Settings!B21:B24,MATCH(B15,Settings!A21:A24,0)),Settings!$B$7) -> 0.03
A17: NextSmallLotAfterRecovery | B17: =FLOOR(B14*INDEX(Settings!C21:C24,MATCH(B15,Settings!A21:A24,0)),Settings!$B$7) -> 0.01

Sheet TailRecovery_DOWN
A1: Field | B1: Value
A2: TailType | B2: =Scenario_DOWN!B220 -> BUY
A3: TailTicket | B3: =Scenario_DOWN!B222 -> 20003
A4: TailLot | B4: =Scenario_DOWN!B223 -> 1
A5: TailLossPerLot | B5: =Scenario_DOWN!B225 -> 80
A6: CanCloseSection | B6: =SectionCalculator_DOWN!B32 -> YES
A7: RecoveryFundAfterCycle | B7: =SectionCalculator_DOWN!B36 -> 12.4
A8: CloseLotRaw | B8: =IF(OR(B6<>"YES",B5=0),0,B7/B5) -> 0.155
A9: CloseLotRounded | B9: =FLOOR(B8,Settings!$B$7) -> 0.15
A10: CloseLotFinal | B10: =IF(B6="YES",MIN(B9,B4),0) -> 0.15
A11: CloseAllowed | B11: =IF(AND(B10>=Settings!$B$6,B6="YES"),"YES","NO") -> YES
A12: TailCloseLoss | B12: =B10*B5 -> 12
A13: RecoveryFundAfterClose | B13: =MAX(0,B7-B12) -> 0.4
A14: TailLotAfterClose | B14: =B4-B10 -> 0.85
A15: NextLevel | B15: =SectionCalculator_DOWN!B4 -> 1
A16: NextBigLotAfterRecovery | B16: =FLOOR(B14*INDEX(Settings!B21:B24,MATCH(B15,Settings!A21:A24,0)),Settings!$B$7) -> 0.34
A17: NextSmallLotAfterRecovery | B17: =FLOOR(B14*INDEX(Settings!C21:C24,MATCH(B15,Settings!A21:A24,0)),Settings!$B$7) -> 0.12

Sheet BasketSummary
A1: Field | B1: UP | C1: DOWN
A2: ScenarioPrice | B2: =Scenario_UP!B4 -> 1.24 | C2: =Scenario_DOWN!B4 -> 1.22
A3: BasketFloating | B3: -12 | C3: =SUM(Scenario_DOWN!H7:H206) -> #VALUE!
A4: GlobalReserveAfter | B4: 18 | C4: =SectionCalculator_DOWN!B35 -> 3.1
A5: RecoveryFundAfterCycle | B5: =TailRecovery_UP!B7 -> 100 | C5: =TailRecovery_DOWN!B7 -> 12.4
A6: TailLotAfter | B6: =TailRecovery_UP!B14 -> 0.14 | C6: =TailRecovery_DOWN!B14 -> 0.85
A7: CloseLot | B7: =TailRecovery_UP!B10 -> 0 | C7: =TailRecovery_DOWN!B10 -> 0.15
A8: CanCloseSection | B8: =SectionCalculator_UP!B32 -> NO | C8: =SectionCalculator_DOWN!B32 -> YES
A9: CanCloseTail | B9: =TailRecovery_UP!B11 -> NO | C9: =TailRecovery_DOWN!B11 -> YES
A10: CanCloseBasket | B10: =IF(B3+B4>=Settings!$B$11,"YES","NO") -> YES | C10: =IF(C3+C4>=Settings!$B$11,"YES","NO") -> #VALUE!
A11: NextBigLot | B11: =TailRecovery_UP!B16 -> 0.03 | C11: =TailRecovery_DOWN!B16 -> 0.34
A12: NextSmallLot | B12: =TailRecovery_UP!B17 -> 0.01 | C12: =TailRecovery_DOWN!B17 -> 0.12
A13: NextAction | B13: =IF(B10="YES","BASKET_CLOSE",IF(B8="NO","WAIT",IF(B9="YES","CLOSE_SECTION+CLOSE_TAIL","SAFE"))) -> BASKET_CLOSE | C13: =IF(C10="YES","BASKET_CLOSE",IF(C8="NO","WAIT",IF(C9="YES","CLOSE_SECTION+CLOSE_TAIL","SAFE"))) -> #VALUE!

Sheet Validation
A1: Rule | B1: UP | C1: DOWN
A2: CycleProfit > 0 before close section | B2: =IF(OR(SectionCalculator_UP!B31>0,SectionCalculator_UP!B32="NO"),"OK","ERROR") -> OK | C2: =IF(OR(SectionCalculator_DOWN!B31>0,SectionCalculator_DOWN!B32="NO"),"OK","ERROR") -> OK
A3: CloseLot = 0 if CanCloseSection=NO | B3: =IF(OR(SectionCalculator_UP!B32="YES",TailRecovery_UP!B10=0),"OK","ERROR") -> OK | C3: =IF(OR(SectionCalculator_DOWN!B32="YES",TailRecovery_DOWN!B10=0),"OK","ERROR") -> OK
A4: TailCloseLoss <= RecoveryFundAfterCycle | B4: =IF(TailRecovery_UP!B12<=TailRecovery_UP!B7,"OK","ERROR") -> OK | C4: =IF(TailRecovery_DOWN!B12<=TailRecovery_DOWN!B7,"OK","ERROR") -> OK
A5: LevelReached before open section | B5: =IF(OR(SectionCalculator_UP!B14="NO",SectionCalculator_UP!B12="YES"),"OK","ERROR") -> OK | C5: =IF(OR(SectionCalculator_DOWN!B14="NO",SectionCalculator_DOWN!B12="YES"),"OK","ERROR") -> #VALUE!
A6: No opposite cascade active | B6: =IF(SectionCalculator_UP!B13="YES","OK","ERROR") -> OK | C6: =IF(SectionCalculator_DOWN!B13="YES","OK","ERROR") -> ERROR

Sheet Log
A1: ="NEXT ACTION UP:"&CHAR(10)&BasketSummary!B13&CHAR(10)&"NEXT ACTION DOWN:"&CHAR(10)&BasketSummary!C13 -> #VALUE!
