Workbook

Sheet Settings
A1: Field | B1: Value
A2: Symbol | B2: EURUSD
A3: Point | B3: 0.0001
A4: PointValuePerLot | B4: 1
A5: StepPoints | B5: 100
A6: MinLot | B6: 0.01
A7: LotStep | B7: 0.01
A8: MaxActiveSections | B8: 4
A9: ReservePercent | B9: 0.2
A10: RecoveryPercent | B10: 0.8
A11: BasketTarget | B11: 0
A12: MaxSpreadPoints | B12: 20
A13: CommissionPerLot | B13: 0
A14: SwapPerLot | B14: 0
... A18: RecoveryFund | B18: 0
A19: CostMode | B19: FULL_CYCLE
A20: Level | B20: BigRatio | C20: SmallRatio
A21: 1 | B21: 0.4 | C21: 0.15
A22: 2 | B22: 0.25 | C22: 0.1
A23: 3 | B23: 0.15 | C23: 0.06
A24: 4 | B24: 0.1 | C24: 0.04
A30: MarketPriceInput
A31: Bid | B31: 1.23
A32: Ask | B32: 1.2302
A33: MidPrice | B33: =(B31+B32)/2
A34: SpreadPoints | B34: =(B32-B31)/B3
A35: PriceSourceMode | B35: BID_ASK

Sheet CurrentPositions
A1: Ticket | B1: Type | C1: Role | D1: Lot | E1: OpenPrice | F1: CurrentPrice | G1: PointsPnL | H1: MoneyPnL | I1: IsTail | J1: SectionID
A2: 10001 | B2: BUY | C2: MAIN | D2: 1 | E2: 1.23 | F2: =IF(B2="BUY",Settings!$B$31,IF(B2="SELL",Settings!$B$32,"")) | G2: =IF(B2="BUY",(F2-E2)/Settings!$B$3,IF(B2="SELL",(E2-F2)/Settings!$B$3,0)) | H2: =G2*D2*Settings!$B$4 | I2: NO
A3: 10002 | B3: SELL | C3: TAIL | D3: 1 | E3: 1.23 | F3: =IF(B3="BUY",Settings!$B$31,IF(B3="SELL",Settings!$B$32,"")) | G3: =IF(B3="BUY",(F3-E3)/Settings!$B$3,IF(B3="SELL",(E3-F3)/Settings!$B$3,0)) | H3: =G3*D3*Settings!$B$4 | I3: YES
A4: 10003 | B4: SELL | C4: SECTION_BIG | D4: 0.4 | E4: 1.235 | F4: =IF(B4="BUY",Settings!$B$31,IF(B4="SELL",Settings!$B$32,"")) | G4: =IF(B4="BUY",(F4-E4)/Settings!$B$3,IF(B4="SELL",(E4-F4)/Settings!$B$3,0)) | H4: =G4*D4*Settings!$B$4 | I4: NO | J4: S1
A5: 10004 | B5: BUY | C5: SECTION_SMALL | D5: 0.15 | E5: 1.235 | F5: =IF(B5="BUY",Settings!$B$31,IF(B5="SELL",Settings!$B$32,"")) | G5: =IF(B5="BUY",(F5-E5)/Settings!$B$3,IF(B5="SELL",(E5-F5)/Settings!$B$3,0)) | H5: =G5*D5*Settings!$B$4 | I5: NO | J5: S1

Sheet Scenario_UP
A1: Field | B1: Value | M1: AverageBuyPrice | N1: =IFERROR(SUMPRODUCT((B12:B211="BUY")*E12:E211*D12:D211)/MAX(0.0000001,SUMIFS(D12:D211,B12:B211,"BUY")),0)
A2: CurrentBid | B2: =Settings!$B$31 | M2: AverageSellPrice | N2: =IFERROR(SUMPRODUCT((B12:B211="SELL")*E12:E211*D12:D211)/MAX(0.0000001,SUMIFS(D12:D211,B12:B211,"SELL")),0)
A3: CurrentAsk | B3: =Settings!$B$32 | M3: Center | N3: =(N1+N2)/2
A4: MoveUpPoints | B4: 100 | M4: UpperLevel1 | N4: =IF(N3=0,"Уровень не рассчитан",N3+1*Settings!$B$5*Settings!$B$3)
A5: ScenarioBid | B5: =B2+B4*Settings!$B$3 | M5: UpperLevel2 | N5: =IF(N3=0,"Уровень не рассчитан",N3+2*Settings!$B$5*Settings!$B$3)
A6: ScenarioAsk | B6: =B3+B4*Settings!$B$3 | M6: UpperLevel3 | N6: =IF(N3=0,"Уровень не рассчитан",N3+3*Settings!$B$5*Settings!$B$3)
A7: ScenarioMid | B7: =(B5+B6)/2 | M7: UpperLevel4 | N7: =IF(N3=0,"Уровень не рассчитан",N3+4*Settings!$B$5*Settings!$B$3)
A8: ScenarioSpread | B8: =(B6-B5)/Settings!$B$3
M9: LowerLevel1 | N9: =IF(N3=0,"Уровень не рассчитан",N3-1*Settings!$B$5*Settings!$B$3)
M10: LowerLevel2 | N10: =IF(N3=0,"Уровень не рассчитан",N3-2*Settings!$B$5*Settings!$B$3)
A11: Ticket | B11: Type | C11: Role | D11: Lot | E11: OpenPrice | F11: ScenarioClosePrice | G11: ScenarioPointsPnL | H11: ScenarioMoneyPnL | I11: IsTail | J11: SectionID | K11: TailLossHelper | L11: TailTicketHelper | M11: LowerLevel3 | N11: =IF(N3=0,"Уровень не рассчитан",N3-3*Settings!$B$5*Settings!$B$3)
A12: =CurrentPositions!A2 | B12: =CurrentPositions!B2 | C12: =CurrentPositions!C2 | D12: =CurrentPositions!D2 | E12: =CurrentPositions!E2 | F12: =IF(B12="BUY",$B$5,IF(B12="SELL",$B$6,"")) | G12: =IF(B12="BUY",(F12-E12)/Settings!$B$3,IF(B12="SELL",(E12-F12)/Settings!$B$3,0)) | H12: =G12*D12*Settings!$B$4 | I12: =CurrentPositions!I2 | J12: =CurrentPositions!J2 | K12: =IF(AND(B12="SELL",H12<0),H12,"") | L12: =IF(K12<>"",A12,"") | M12: LowerLevel4 | N12: =IF(N3=0,"Уровень не рассчитан",N3-4*Settings!$B$5*Settings!$B$3)
A13: =CurrentPositions!A3 | B13: =CurrentPositions!B3 | C13: =CurrentPositions!C3 | D13: =CurrentPositions!D3 | E13: =CurrentPositions!E3 | F13: =IF(B13="BUY",$B$5,IF(B13="SELL",$B$6,"")) | G13: =IF(B13="BUY",(F13-E13)/Settings!$B$3,IF(B13="SELL",(E13-F13)/Settings!$B$3,0)) | H13: =G13*D13*Settings!$B$4 | I13: =CurrentPositions!I3 | J13: =CurrentPositions!J3 | K13: =IF(AND(B13="SELL",H13<0),H13,"") | L13: =IF(K13<>"",A13,"")
A14: =CurrentPositions!A4 | B14: =CurrentPositions!B4 | C14: =CurrentPositions!C4 | D14: =CurrentPositions!D4 | E14: =CurrentPositions!E4 | F14: =IF(B14="BUY",$B$5,IF(B14="SELL",$B$6,"")) | G14: =IF(B14="BUY",(F14-E14)/Settings!$B$3,IF(B14="SELL",(E14-F14)/Settings!$B$3,0)) | H14: =G14*D14*Settings!$B$4 | I14: =CurrentPositions!I4 | J14: =CurrentPositions!J4 | K14: =IF(AND(B14="SELL",H14<0),H14,"") | L14: =IF(K14<>"",A14,"")
A15: =CurrentPositions!A5 | B15: =CurrentPositions!B5 | C15: =CurrentPositions!C5 | D15: =CurrentPositions!D5 | E15: =CurrentPositions!E5 | F15: =IF(B15="BUY",$B$5,IF(B15="SELL",$B$6,"")) | G15: =IF(B15="BUY",(F15-E15)/Settings!$B$3,IF(B15="SELL",(E15-F15)/Settings!$B$3,0)) | H15: =G15*D15*Settings!$B$4 | I15: =CurrentPositions!I5 | J15: =CurrentPositions!J5 | K15: =IF(AND(B15="SELL",H15<0),H15,"") | L15: =IF(K15<>"",A15,"")
A16: =CurrentPositions!A6 | B16: =CurrentPositions!B6 | C16: =CurrentPositions!C6 | D16: =CurrentPositions!D6 | E16: =CurrentPositions!E6 | F16: =IF(B16="BUY",$B$5,IF(B16="SELL",$B$6,"")) | G16: =IF(B16="BUY",(F16-E16)/Settings!$B$3,IF(B16="SELL",(E16-F16)/Settings!$B$3,0)) | H16: =G16*D16*Settings!$B$4 | I16: =CurrentPositions!I6 | J16: =CurrentPositions!J6 | K16: =IF(AND(B16="SELL",H16<0),H16,"") | L16: =IF(K16<>"",A16,"")
A17: =CurrentPositions!A7 | B17: =CurrentPositions!B7 | C17: =CurrentPositions!C7 | D17: =CurrentPositions!D7 | E17: =CurrentPositions!E7 | F17: =IF(B17="BUY",$B$5,IF(B17="SELL",$B$6,"")) | G17: =IF(B17="BUY",(F17-E17)/Settings!$B$3,IF(B17="SELL",(E17-F17)/Settings!$B$3,0)) | H17: =G17*D17*Settings!$B$4 | I17: =CurrentPositions!I7 | J17: =CurrentPositions!J7 | K17: =IF(AND(B17="SELL",H17<0),H17,"") | L17: =IF(K17<>"",A17,"")
A18: =CurrentPositions!A8 | B18: =CurrentPositions!B8 | C18: =CurrentPositions!C8 | D18: =CurrentPositions!D8 | E18: =CurrentPositions!E8 | F18: =IF(B18="BUY",$B$5,IF(B18="SELL",$B$6,"")) | G18: =IF(B18="BUY",(F18-E18)/Settings!$B$3,IF(B18="SELL",(E18-F18)/Settings!$B$3,0)) | H18: =G18*D18*Settings!$B$4 | I18: =CurrentPositions!I8 | J18: =CurrentPositions!J8 | K18: =IF(AND(B18="SELL",H18<0),H18,"") | L18: =IF(K18<>"",A18,"")
A19: =CurrentPositions!A9 | B19: =CurrentPositions!B9 | C19: =CurrentPositions!C9 | D19: =CurrentPositions!D9 | E19: =CurrentPositions!E9 | F19: =IF(B19="BUY",$B$5,IF(B19="SELL",$B$6,"")) | G19: =IF(B19="BUY",(F19-E19)/Settings!$B$3,IF(B19="SELL",(E19-F19)/Settings!$B$3,0)) | H19: =G19*D19*Settings!$B$4 | I19: =CurrentPositions!I9 | J19: =CurrentPositions!J9 | K19: =IF(AND(B19="SELL",H19<0),H19,"") | L19: =IF(K19<>"",A19,"")
A20: =CurrentPositions!A10 | B20: =CurrentPositions!B10 | C20: =CurrentPositions!C10 | D20: =CurrentPositions!D10 | E20: =CurrentPositions!E10 | F20: =IF(B20="BUY",$B$5,IF(B20="SELL",$B$6,"")) | G20: =IF(B20="BUY",(F20-E20)/Settings!$B$3,IF(B20="SELL",(E20-F20)/Settings!$B$3,0)) | H20: =G20*D20*Settings!$B$4 | I20: =CurrentPositions!I10 | J20: =CurrentPositions!J10 | K20: =IF(AND(B20="SELL",H20<0),H20,"") | L20: =IF(K20<>"",A20,"")
A21: =CurrentPositions!A11 | B21: =CurrentPositions!B11 | C21: =CurrentPositions!C11 | D21: =CurrentPositions!D11 | E21: =CurrentPositions!E11 | F21: =IF(B21="BUY",$B$5,IF(B21="SELL",$B$6,"")) | G21: =IF(B21="BUY",(F21-E21)/Settings!$B$3,IF(B21="SELL",(E21-F21)/Settings!$B$3,0)) | H21: =G21*D21*Settings!$B$4 | I21: =CurrentPositions!I11 | J21: =CurrentPositions!J11 | K21: =IF(AND(B21="SELL",H21<0),H21,"") | L21: =IF(K21<>"",A21,"")
A22: =CurrentPositions!A12 | B22: =CurrentPositions!B12 | C22: =CurrentPositions!C12 | D22: =CurrentPositions!D12 | E22: =CurrentPositions!E12 | F22: =IF(B22="BUY",$B$5,IF(B22="SELL",$B$6,"")) | G22: =IF(B22="BUY",(F22-E22)/Settings!$B$3,IF(B22="SELL",(E22-F22)/Settings!$B$3,0)) | H22: =G22*D22*Settings!$B$4 | I22: =CurrentPositions!I12 | J22: =CurrentPositions!J12 | K22: =IF(AND(B22="SELL",H22<0),H22,"") | L22: =IF(K22<>"",A22,"")
A23: =CurrentPositions!A13 | B23: =CurrentPositions!B13 | C23: =CurrentPositions!C13 | D23: =CurrentPositions!D13 | E23: =CurrentPositions!E13 | F23: =IF(B23="BUY",$B$5,IF(B23="SELL",$B$6,"")) | G23: =IF(B23="BUY",(F23-E23)/Settings!$B$3,IF(B23="SELL",(E23-F23)/Settings!$B$3,0)) | H23: =G23*D23*Settings!$B$4 | I23: =CurrentPositions!I13 | J23: =CurrentPositions!J13 | K23: =IF(AND(B23="SELL",H23<0),H23,"") | L23: =IF(K23<>"",A23,"")
A24: =CurrentPositions!A14 | B24: =CurrentPositions!B14 | C24: =CurrentPositions!C14 | D24: =CurrentPositions!D14 | E24: =CurrentPositions!E14 | F24: =IF(B24="BUY",$B$5,IF(B24="SELL",$B$6,"")) | G24: =IF(B24="BUY",(F24-E24)/Settings!$B$3,IF(B24="SELL",(E24-F24)/Settings!$B$3,0)) | H24: =G24*D24*Settings!$B$4 | I24: =CurrentPositions!I14 | J24: =CurrentPositions!J14 | K24: =IF(AND(B24="SELL",H24<0),H24,"") | L24: =IF(K24<>"",A24,"")
... A211: =CurrentPositions!A201 | B211: =CurrentPositions!B201 | C211: =CurrentPositions!C201 | D211: =CurrentPositions!D201 | E211: =CurrentPositions!E201 | F211: =IF(B211="BUY",$B$5,IF(B211="SELL",$B$6,"")) | G211: =IF(B211="BUY",(F211-E211)/Settings!$B$3,IF(B211="SELL",(E211-F211)/Settings!$B$3,0)) | H211: =G211*D211*Settings!$B$4 | I211: =CurrentPositions!I201 | J211: =CurrentPositions!J201 | K211: =IF(AND(B211="SELL",H211<0),H211,"") | L211: =IF(K211<>"",A211,"")
A220: TailType | B220: SELL
A221: TailWorstPnL | B221: =IF(COUNT(K12:K211)=0,0,MIN(K12:K211))
A222: TailTicket | B222: =IF(B221=0,"N/A",MIN(L12:L211))
A223: TailLot | B223: =IF(B222="N/A",0,INDEX(D12:D211,MATCH(B222,A12:A211,0)))
A224: TailLossMoney | B224: =IF(B222="N/A",0,ABS(INDEX(H12:H211,MATCH(B222,A12:A211,0))))
A225: TailLossPerLot | B225: =IF(B223=0,0,ABS(B224/B223))

Sheet Scenario_DOWN
A1: Field | B1: Value | M1: AverageBuyPrice | N1: =IFERROR(SUMPRODUCT((B12:B211="BUY")*E12:E211*D12:D211)/MAX(0.0000001,SUMIFS(D12:D211,B12:B211,"BUY")),0)
A2: CurrentBid | B2: =Settings!$B$31 | M2: AverageSellPrice | N2: =IFERROR(SUMPRODUCT((B12:B211="SELL")*E12:E211*D12:D211)/MAX(0.0000001,SUMIFS(D12:D211,B12:B211,"SELL")),0)
A3: CurrentAsk | B3: =Settings!$B$32 | M3: Center | N3: =(N1+N2)/2
A4: MoveDownPoints | B4: 100 | M4: UpperLevel1 | N4: =IF(N3=0,"Уровень не рассчитан",N3+1*Settings!$B$5*Settings!$B$3)
A5: ScenarioBid | B5: =B2-B4*Settings!$B$3 | M5: UpperLevel2 | N5: =IF(N3=0,"Уровень не рассчитан",N3+2*Settings!$B$5*Settings!$B$3)
A6: ScenarioAsk | B6: =B3-B4*Settings!$B$3 | M6: UpperLevel3 | N6: =IF(N3=0,"Уровень не рассчитан",N3+3*Settings!$B$5*Settings!$B$3)
A7: ScenarioMid | B7: =(B5+B6)/2 | M7: UpperLevel4 | N7: =IF(N3=0,"Уровень не рассчитан",N3+4*Settings!$B$5*Settings!$B$3)
A8: ScenarioSpread | B8: =(B6-B5)/Settings!$B$3
M9: LowerLevel1 | N9: =IF(N3=0,"Уровень не рассчитан",N3-1*Settings!$B$5*Settings!$B$3)
M10: LowerLevel2 | N10: =IF(N3=0,"Уровень не рассчитан",N3-2*Settings!$B$5*Settings!$B$3)
A11: Ticket | B11: Type | C11: Role | D11: Lot | E11: OpenPrice | F11: ScenarioClosePrice | G11: ScenarioPointsPnL | H11: ScenarioMoneyPnL | I11: IsTail | J11: SectionID | K11: TailLossHelper | L11: TailTicketHelper | M11: LowerLevel3 | N11: =IF(N3=0,"Уровень не рассчитан",N3-3*Settings!$B$5*Settings!$B$3)
A12: =CurrentPositions!A2 | B12: =CurrentPositions!B2 | C12: =CurrentPositions!C2 | D12: =CurrentPositions!D2 | E12: =CurrentPositions!E2 | F12: =IF(B12="BUY",$B$5,IF(B12="SELL",$B$6,"")) | G12: =IF(B12="BUY",(F12-E12)/Settings!$B$3,IF(B12="SELL",(E12-F12)/Settings!$B$3,0)) | H12: =G12*D12*Settings!$B$4 | I12: =CurrentPositions!I2 | J12: =CurrentPositions!J2 | K12: =IF(AND(B12="BUY",H12<0),H12,"") | L12: =IF(K12<>"",A12,"") | M12: LowerLevel4 | N12: =IF(N3=0,"Уровень не рассчитан",N3-4*Settings!$B$5*Settings!$B$3)
A13: =CurrentPositions!A3 | B13: =CurrentPositions!B3 | C13: =CurrentPositions!C3 | D13: =CurrentPositions!D3 | E13: =CurrentPositions!E3 | F13: =IF(B13="BUY",$B$5,IF(B13="SELL",$B$6,"")) | G13: =IF(B13="BUY",(F13-E13)/Settings!$B$3,IF(B13="SELL",(E13-F13)/Settings!$B$3,0)) | H13: =G13*D13*Settings!$B$4 | I13: =CurrentPositions!I3 | J13: =CurrentPositions!J3 | K13: =IF(AND(B13="BUY",H13<0),H13,"") | L13: =IF(K13<>"",A13,"")
A14: =CurrentPositions!A4 | B14: =CurrentPositions!B4 | C14: =CurrentPositions!C4 | D14: =CurrentPositions!D4 | E14: =CurrentPositions!E4 | F14: =IF(B14="BUY",$B$5,IF(B14="SELL",$B$6,"")) | G14: =IF(B14="BUY",(F14-E14)/Settings!$B$3,IF(B14="SELL",(E14-F14)/Settings!$B$3,0)) | H14: =G14*D14*Settings!$B$4 | I14: =CurrentPositions!I4 | J14: =CurrentPositions!J4 | K14: =IF(AND(B14="BUY",H14<0),H14,"") | L14: =IF(K14<>"",A14,"")
A15: =CurrentPositions!A5 | B15: =CurrentPositions!B5 | C15: =CurrentPositions!C5 | D15: =CurrentPositions!D5 | E15: =CurrentPositions!E5 | F15: =IF(B15="BUY",$B$5,IF(B15="SELL",$B$6,"")) | G15: =IF(B15="BUY",(F15-E15)/Settings!$B$3,IF(B15="SELL",(E15-F15)/Settings!$B$3,0)) | H15: =G15*D15*Settings!$B$4 | I15: =CurrentPositions!I5 | J15: =CurrentPositions!J5 | K15: =IF(AND(B15="BUY",H15<0),H15,"") | L15: =IF(K15<>"",A15,"")
A16: =CurrentPositions!A6 | B16: =CurrentPositions!B6 | C16: =CurrentPositions!C6 | D16: =CurrentPositions!D6 | E16: =CurrentPositions!E6 | F16: =IF(B16="BUY",$B$5,IF(B16="SELL",$B$6,"")) | G16: =IF(B16="BUY",(F16-E16)/Settings!$B$3,IF(B16="SELL",(E16-F16)/Settings!$B$3,0)) | H16: =G16*D16*Settings!$B$4 | I16: =CurrentPositions!I6 | J16: =CurrentPositions!J6 | K16: =IF(AND(B16="BUY",H16<0),H16,"") | L16: =IF(K16<>"",A16,"")
A17: =CurrentPositions!A7 | B17: =CurrentPositions!B7 | C17: =CurrentPositions!C7 | D17: =CurrentPositions!D7 | E17: =CurrentPositions!E7 | F17: =IF(B17="BUY",$B$5,IF(B17="SELL",$B$6,"")) | G17: =IF(B17="BUY",(F17-E17)/Settings!$B$3,IF(B17="SELL",(E17-F17)/Settings!$B$3,0)) | H17: =G17*D17*Settings!$B$4 | I17: =CurrentPositions!I7 | J17: =CurrentPositions!J7 | K17: =IF(AND(B17="BUY",H17<0),H17,"") | L17: =IF(K17<>"",A17,"")
A18: =CurrentPositions!A8 | B18: =CurrentPositions!B8 | C18: =CurrentPositions!C8 | D18: =CurrentPositions!D8 | E18: =CurrentPositions!E8 | F18: =IF(B18="BUY",$B$5,IF(B18="SELL",$B$6,"")) | G18: =IF(B18="BUY",(F18-E18)/Settings!$B$3,IF(B18="SELL",(E18-F18)/Settings!$B$3,0)) | H18: =G18*D18*Settings!$B$4 | I18: =CurrentPositions!I8 | J18: =CurrentPositions!J8 | K18: =IF(AND(B18="BUY",H18<0),H18,"") | L18: =IF(K18<>"",A18,"")
A19: =CurrentPositions!A9 | B19: =CurrentPositions!B9 | C19: =CurrentPositions!C9 | D19: =CurrentPositions!D9 | E19: =CurrentPositions!E9 | F19: =IF(B19="BUY",$B$5,IF(B19="SELL",$B$6,"")) | G19: =IF(B19="BUY",(F19-E19)/Settings!$B$3,IF(B19="SELL",(E19-F19)/Settings!$B$3,0)) | H19: =G19*D19*Settings!$B$4 | I19: =CurrentPositions!I9 | J19: =CurrentPositions!J9 | K19: =IF(AND(B19="BUY",H19<0),H19,"") | L19: =IF(K19<>"",A19,"")
A20: =CurrentPositions!A10 | B20: =CurrentPositions!B10 | C20: =CurrentPositions!C10 | D20: =CurrentPositions!D10 | E20: =CurrentPositions!E10 | F20: =IF(B20="BUY",$B$5,IF(B20="SELL",$B$6,"")) | G20: =IF(B20="BUY",(F20-E20)/Settings!$B$3,IF(B20="SELL",(E20-F20)/Settings!$B$3,0)) | H20: =G20*D20*Settings!$B$4 | I20: =CurrentPositions!I10 | J20: =CurrentPositions!J10 | K20: =IF(AND(B20="BUY",H20<0),H20,"") | L20: =IF(K20<>"",A20,"")
A21: =CurrentPositions!A11 | B21: =CurrentPositions!B11 | C21: =CurrentPositions!C11 | D21: =CurrentPositions!D11 | E21: =CurrentPositions!E11 | F21: =IF(B21="BUY",$B$5,IF(B21="SELL",$B$6,"")) | G21: =IF(B21="BUY",(F21-E21)/Settings!$B$3,IF(B21="SELL",(E21-F21)/Settings!$B$3,0)) | H21: =G21*D21*Settings!$B$4 | I21: =CurrentPositions!I11 | J21: =CurrentPositions!J11 | K21: =IF(AND(B21="BUY",H21<0),H21,"") | L21: =IF(K21<>"",A21,"")
A22: =CurrentPositions!A12 | B22: =CurrentPositions!B12 | C22: =CurrentPositions!C12 | D22: =CurrentPositions!D12 | E22: =CurrentPositions!E12 | F22: =IF(B22="BUY",$B$5,IF(B22="SELL",$B$6,"")) | G22: =IF(B22="BUY",(F22-E22)/Settings!$B$3,IF(B22="SELL",(E22-F22)/Settings!$B$3,0)) | H22: =G22*D22*Settings!$B$4 | I22: =CurrentPositions!I12 | J22: =CurrentPositions!J12 | K22: =IF(AND(B22="BUY",H22<0),H22,"") | L22: =IF(K22<>"",A22,"")
A23: =CurrentPositions!A13 | B23: =CurrentPositions!B13 | C23: =CurrentPositions!C13 | D23: =CurrentPositions!D13 | E23: =CurrentPositions!E13 | F23: =IF(B23="BUY",$B$5,IF(B23="SELL",$B$6,"")) | G23: =IF(B23="BUY",(F23-E23)/Settings!$B$3,IF(B23="SELL",(E23-F23)/Settings!$B$3,0)) | H23: =G23*D23*Settings!$B$4 | I23: =CurrentPositions!I13 | J23: =CurrentPositions!J13 | K23: =IF(AND(B23="BUY",H23<0),H23,"") | L23: =IF(K23<>"",A23,"")
A24: =CurrentPositions!A14 | B24: =CurrentPositions!B14 | C24: =CurrentPositions!C14 | D24: =CurrentPositions!D14 | E24: =CurrentPositions!E14 | F24: =IF(B24="BUY",$B$5,IF(B24="SELL",$B$6,"")) | G24: =IF(B24="BUY",(F24-E24)/Settings!$B$3,IF(B24="SELL",(E24-F24)/Settings!$B$3,0)) | H24: =G24*D24*Settings!$B$4 | I24: =CurrentPositions!I14 | J24: =CurrentPositions!J14 | K24: =IF(AND(B24="BUY",H24<0),H24,"") | L24: =IF(K24<>"",A24,"")
... A211: =CurrentPositions!A201 | B211: =CurrentPositions!B201 | C211: =CurrentPositions!C201 | D211: =CurrentPositions!D201 | E211: =CurrentPositions!E201 | F211: =IF(B211="BUY",$B$5,IF(B211="SELL",$B$6,"")) | G211: =IF(B211="BUY",(F211-E211)/Settings!$B$3,IF(B211="SELL",(E211-F211)/Settings!$B$3,0)) | H211: =G211*D211*Settings!$B$4 | I211: =CurrentPositions!I201 | J211: =CurrentPositions!J201 | K211: =IF(AND(B211="BUY",H211<0),H211,"") | L211: =IF(K211<>"",A211,"")
A220: TailType | B220: BUY
A221: TailWorstPnL | B221: =IF(COUNT(K12:K211)=0,0,MIN(K12:K211))
A222: TailTicket | B222: =IF(B221=0,"N/A",MIN(L12:L211))
A223: TailLot | B223: =IF(B222="N/A",0,INDEX(D12:D211,MATCH(B222,A12:A211,0)))
A224: TailLossMoney | B224: =IF(B222="N/A",0,ABS(INDEX(H12:H211,MATCH(B222,A12:A211,0))))
A225: TailLossPerLot | B225: =IF(B223=0,0,ABS(B224/B223))

Sheet SectionCalculator_UP
A1: Field | B1: Value
A2: TailType | B2: =Scenario_UP!B220
A3: TailLot | B3: =Scenario_UP!B223
A4: NextLevel | B4: 1
A5: BigRatio | B5: =INDEX(Settings!B21:B24,MATCH(B4,Settings!A21:A24,0))
A6: SmallRatio | B6: =INDEX(Settings!C21:C24,MATCH(B4,Settings!A21:A24,0))
A7: BigLot | B7: =IF(B3<=0,0,FLOOR(B3*B5,Settings!$B$7))
A8: SmallLot | B8: =IF(B3<=0,0,FLOOR(B3*B6,Settings!$B$7))
A9: ActiveSections | B9: =COUNTIFS(CurrentPositions!C2:C500,"SECTION_BIG")
A10: TotalLotAfterOpen | B10: =SUM(CurrentPositions!D2:D500)+B7+B8
A11: NetLotAfterOpen | B11: =ABS(SUMIFS(CurrentPositions!D2:D500,CurrentPositions!B2:B500,"BUY")+IF(B2="BUY",B7,0)+IF(B2="SELL",B8,0)-SUMIFS(CurrentPositions!D2:D500,CurrentPositions!B2:B500,"SELL")-IF(B2="SELL",B7,0)-IF(B2="BUY",B8,0))
A12: LevelReached | B12: =IF(Scenario_UP!B7>=IF(B4=1,Scenario_UP!N4,IF(B4=2,Scenario_UP!N5,IF(B4=3,Scenario_UP!N6,Scenario_UP!N7))),"YES","NO")
A13: NoOppositeCascade | B13: =IF(B2="SELL",IF(COUNTIFS(CurrentPositions!B2:B500,"BUY",CurrentPositions!C2:C500,"SECTION_BIG")=0,"YES","NO"),IF(B2="BUY",IF(COUNTIFS(CurrentPositions!B2:B500,"SELL",CurrentPositions!C2:C500,"SECTION_BIG")=0,"YES","NO"),"NO"))
A14: CanOpenSection | B14: =IF(B3<=0,"NO",IF(AND(B7>=Settings!$B$6,B8>=Settings!$B$6,B8<B7,B7<=B3,B9<Settings!$B$8,B10<=Settings!$B$15,B11<=Settings!$B$16,B12="YES",B13="YES"),"YES","NO"))
A20: SectionID | B20: BigType | C20: BigLot | D20: BigOpenPrice | E20: SmallType | F20: SmallLot | G20: SmallOpenPrice | H20: ScenarioPrice | I20: BigPnL | J20: SmallPnL | K20: Lots | L20: CostMultiplier | M20: SpreadCost | N20: CommissionCost | O20: SwapCost | P20: Costs | Q20: CycleProfit | R20: CanCloseSection
A21: S1 | B21: =IFERROR(INDEX(CurrentPositions!B2:B500,MATCH(1,(CurrentPositions!C2:C500="SECTION_BIG")*(CurrentPositions!J2:J500=A21),0)),"") | C21: =IFERROR(INDEX(CurrentPositions!D2:D500,MATCH(1,(CurrentPositions!C2:C500="SECTION_BIG")*(CurrentPositions!J2:J500=A21),0)),0) | D21: =IFERROR(INDEX(CurrentPositions!E2:E500,MATCH(1,(CurrentPositions!C2:C500="SECTION_BIG")*(CurrentPositions!J2:J500=A21),0)),0) | E21: =IFERROR(INDEX(CurrentPositions!B2:B500,MATCH(1,(CurrentPositions!C2:C500="SECTION_SMALL")*(CurrentPositions!J2:J500=A21),0)),"") | F21: =IFERROR(INDEX(CurrentPositions!D2:D500,MATCH(1,(CurrentPositions!C2:C500="SECTION_SMALL")*(CurrentPositions!J2:J500=A21),0)),0) | G21: =IFERROR(INDEX(CurrentPositions!E2:E500,MATCH(1,(CurrentPositions!C2:C500="SECTION_SMALL")*(CurrentPositions!J2:J500=A21),0)),0) | H21: =Scenario_UP!B7 | I21: =IF(B21="",0,IF(B21="BUY",(H21-D21)/Settings!$B$3*C21*Settings!$B$4,(D21-H21)/Settings!$B$3*C21*Settings!$B$4)) | J21: =IF(E21="",0,IF(E21="BUY",(H21-G21)/Settings!$B$3*F21*Settings!$B$4,(G21-H21)/Settings!$B$3*F21*Settings!$B$4)) | K21: =C21+F21 | L21: =IF(Settings!$B$19="FULL_CYCLE",2,1) | M21: =Settings!$B$12*Settings!$B$4*K21*L21 | N21: =Settings!$B$13*K21*L21 | O21: =Settings!$B$14*K21 | P21: =M21+N21+O21 | Q21: =I21+J21-P21 | R21: =IF(Q21>0,"YES","NO")
A22: S2 | B22: =IFERROR(INDEX(CurrentPositions!B2:B500,MATCH(1,(CurrentPositions!C2:C500="SECTION_BIG")*(CurrentPositions!J2:J500=A22),0)),"") | C22: =IFERROR(INDEX(CurrentPositions!D2:D500,MATCH(1,(CurrentPositions!C2:C500="SECTION_BIG")*(CurrentPositions!J2:J500=A22),0)),0) | D22: =IFERROR(INDEX(CurrentPositions!E2:E500,MATCH(1,(CurrentPositions!C2:C500="SECTION_BIG")*(CurrentPositions!J2:J500=A22),0)),0) | E22: =IFERROR(INDEX(CurrentPositions!B2:B500,MATCH(1,(CurrentPositions!C2:C500="SECTION_SMALL")*(CurrentPositions!J2:J500=A22),0)),"") | F22: =IFERROR(INDEX(CurrentPositions!D2:D500,MATCH(1,(CurrentPositions!C2:C500="SECTION_SMALL")*(CurrentPositions!J2:J500=A22),0)),0) | G22: =IFERROR(INDEX(CurrentPositions!E2:E500,MATCH(1,(CurrentPositions!C2:C500="SECTION_SMALL")*(CurrentPositions!J2:J500=A22),0)),0) | H22: =Scenario_UP!B7 | I22: =IF(B22="",0,IF(B22="BUY",(H22-D22)/Settings!$B$3*C22*Settings!$B$4,(D22-H22)/Settings!$B$3*C22*Settings!$B$4)) | J22: =IF(E22="",0,IF(E22="BUY",(H22-G22)/Settings!$B$3*F22*Settings!$B$4,(G22-H22)/Settings!$B$3*F22*Settings!$B$4)) | K22: =C22+F22 | L22: =IF(Settings!$B$19="FULL_CYCLE",2,1) | M22: =Settings!$B$12*Settings!$B$4*K22*L22 | N22: =Settings!$B$13*K22*L22 | O22: =Settings!$B$14*K22 | P22: =M22+N22+O22 | Q22: =I22+J22-P22 | R22: =IF(Q22>0,"YES","NO")
A23: S3 | B23: =IFERROR(INDEX(CurrentPositions!B2:B500,MATCH(1,(CurrentPositions!C2:C500="SECTION_BIG")*(CurrentPositions!J2:J500=A23),0)),"") | C23: =IFERROR(INDEX(CurrentPositions!D2:D500,MATCH(1,(CurrentPositions!C2:C500="SECTION_BIG")*(CurrentPositions!J2:J500=A23),0)),0) | D23: =IFERROR(INDEX(CurrentPositions!E2:E500,MATCH(1,(CurrentPositions!C2:C500="SECTION_BIG")*(CurrentPositions!J2:J500=A23),0)),0) | E23: =IFERROR(INDEX(CurrentPositions!B2:B500,MATCH(1,(CurrentPositions!C2:C500="SECTION_SMALL")*(CurrentPositions!J2:J500=A23),0)),"") | F23: =IFERROR(INDEX(CurrentPositions!D2:D500,MATCH(1,(CurrentPositions!C2:C500="SECTION_SMALL")*(CurrentPositions!J2:J500=A23),0)),0) | G23: =IFERROR(INDEX(CurrentPositions!E2:E500,MATCH(1,(CurrentPositions!C2:C500="SECTION_SMALL")*(CurrentPositions!J2:J500=A23),0)),0) | H23: =Scenario_UP!B7 | I23: =IF(B23="",0,IF(B23="BUY",(H23-D23)/Settings!$B$3*C23*Settings!$B$4,(D23-H23)/Settings!$B$3*C23*Settings!$B$4)) | J23: =IF(E23="",0,IF(E23="BUY",(H23-G23)/Settings!$B$3*F23*Settings!$B$4,(G23-H23)/Settings!$B$3*F23*Settings!$B$4)) | K23: =C23+F23 | L23: =IF(Settings!$B$19="FULL_CYCLE",2,1) | M23: =Settings!$B$12*Settings!$B$4*K23*L23 | N23: =Settings!$B$13*K23*L23 | O23: =Settings!$B$14*K23 | P23: =M23+N23+O23 | Q23: =I23+J23-P23 | R23: =IF(Q23>0,"YES","NO")
A24: S4 | B24: =IFERROR(INDEX(CurrentPositions!B2:B500,MATCH(1,(CurrentPositions!C2:C500="SECTION_BIG")*(CurrentPositions!J2:J500=A24),0)),"") | C24: =IFERROR(INDEX(CurrentPositions!D2:D500,MATCH(1,(CurrentPositions!C2:C500="SECTION_BIG")*(CurrentPositions!J2:J500=A24),0)),0) | D24: =IFERROR(INDEX(CurrentPositions!E2:E500,MATCH(1,(CurrentPositions!C2:C500="SECTION_BIG")*(CurrentPositions!J2:J500=A24),0)),0) | E24: =IFERROR(INDEX(CurrentPositions!B2:B500,MATCH(1,(CurrentPositions!C2:C500="SECTION_SMALL")*(CurrentPositions!J2:J500=A24),0)),"") | F24: =IFERROR(INDEX(CurrentPositions!D2:D500,MATCH(1,(CurrentPositions!C2:C500="SECTION_SMALL")*(CurrentPositions!J2:J500=A24),0)),0) | G24: =IFERROR(INDEX(CurrentPositions!E2:E500,MATCH(1,(CurrentPositions!C2:C500="SECTION_SMALL")*(CurrentPositions!J2:J500=A24),0)),0) | H24: =Scenario_UP!B7 | I24: =IF(B24="",0,IF(B24="BUY",(H24-D24)/Settings!$B$3*C24*Settings!$B$4,(D24-H24)/Settings!$B$3*C24*Settings!$B$4)) | J24: =IF(E24="",0,IF(E24="BUY",(H24-G24)/Settings!$B$3*F24*Settings!$B$4,(G24-H24)/Settings!$B$3*F24*Settings!$B$4)) | K24: =C24+F24 | L24: =IF(Settings!$B$19="FULL_CYCLE",2,1) | M24: =Settings!$B$12*Settings!$B$4*K24*L24 | N24: =Settings!$B$13*K24*L24 | O24: =Settings!$B$14*K24 | P24: =M24+N24+O24 | Q24: =I24+J24-P24 | R24: =IF(Q24>0,"YES","NO")
A30: SelectedSectionID | B30: =IFERROR(INDEX(A21:A24,MATCH("YES",R21:R24,0)),"NONE")
A31: CycleProfit | B31: =IF(B30="NONE",0,INDEX(Q21:Q24,MATCH(B30,A21:A24,0)))
A32: CanCloseSection | B32: =IF(B31>0,"YES","NO")
A33: ReserveAdd | B33: =IF(B31>0,B31*Settings!$B$9,0)
A34: RecoveryAdd | B34: =IF(B31>0,B31*Settings!$B$10,0)
A35: NewGlobalReserve | B35: =Settings!$B$17+B33
A36: NewRecoveryFund | B36: =Settings!$B$18+B34

Sheet SectionCalculator_DOWN
A1: Field | B1: Value
A2: TailType | B2: =Scenario_DOWN!B220
A3: TailLot | B3: =Scenario_DOWN!B223
A4: NextLevel | B4: 1
A5: BigRatio | B5: =INDEX(Settings!B21:B24,MATCH(B4,Settings!A21:A24,0))
A6: SmallRatio | B6: =INDEX(Settings!C21:C24,MATCH(B4,Settings!A21:A24,0))
A7: BigLot | B7: =IF(B3<=0,0,FLOOR(B3*B5,Settings!$B$7))
A8: SmallLot | B8: =IF(B3<=0,0,FLOOR(B3*B6,Settings!$B$7))
A9: ActiveSections | B9: =COUNTIFS(CurrentPositions!C2:C500,"SECTION_BIG")
A10: TotalLotAfterOpen | B10: =SUM(CurrentPositions!D2:D500)+B7+B8
A11: NetLotAfterOpen | B11: =ABS(SUMIFS(CurrentPositions!D2:D500,CurrentPositions!B2:B500,"BUY")+IF(B2="BUY",B7,0)+IF(B2="SELL",B8,0)-SUMIFS(CurrentPositions!D2:D500,CurrentPositions!B2:B500,"SELL")-IF(B2="SELL",B7,0)-IF(B2="BUY",B8,0))
A12: LevelReached | B12: =IF(Scenario_DOWN!B7<=IF(B4=1,Scenario_DOWN!N9,IF(B4=2,Scenario_DOWN!N10,IF(B4=3,Scenario_DOWN!N11,Scenario_DOWN!N12))),"YES","NO")
A13: NoOppositeCascade | B13: =IF(B2="SELL",IF(COUNTIFS(CurrentPositions!B2:B500,"BUY",CurrentPositions!C2:C500,"SECTION_BIG")=0,"YES","NO"),IF(B2="BUY",IF(COUNTIFS(CurrentPositions!B2:B500,"SELL",CurrentPositions!C2:C500,"SECTION_BIG")=0,"YES","NO"),"NO"))
A14: CanOpenSection | B14: =IF(B3<=0,"NO",IF(AND(B7>=Settings!$B$6,B8>=Settings!$B$6,B8<B7,B7<=B3,B9<Settings!$B$8,B10<=Settings!$B$15,B11<=Settings!$B$16,B12="YES",B13="YES"),"YES","NO"))
A20: SectionID | B20: BigType | C20: BigLot | D20: BigOpenPrice | E20: SmallType | F20: SmallLot | G20: SmallOpenPrice | H20: ScenarioPrice | I20: BigPnL | J20: SmallPnL | K20: Lots | L20: CostMultiplier | M20: SpreadCost | N20: CommissionCost | O20: SwapCost | P20: Costs | Q20: CycleProfit | R20: CanCloseSection
A21: S1 | B21: =IFERROR(INDEX(CurrentPositions!B2:B500,MATCH(1,(CurrentPositions!C2:C500="SECTION_BIG")*(CurrentPositions!J2:J500=A21),0)),"") | C21: =IFERROR(INDEX(CurrentPositions!D2:D500,MATCH(1,(CurrentPositions!C2:C500="SECTION_BIG")*(CurrentPositions!J2:J500=A21),0)),0) | D21: =IFERROR(INDEX(CurrentPositions!E2:E500,MATCH(1,(CurrentPositions!C2:C500="SECTION_BIG")*(CurrentPositions!J2:J500=A21),0)),0) | E21: =IFERROR(INDEX(CurrentPositions!B2:B500,MATCH(1,(CurrentPositions!C2:C500="SECTION_SMALL")*(CurrentPositions!J2:J500=A21),0)),"") | F21: =IFERROR(INDEX(CurrentPositions!D2:D500,MATCH(1,(CurrentPositions!C2:C500="SECTION_SMALL")*(CurrentPositions!J2:J500=A21),0)),0) | G21: =IFERROR(INDEX(CurrentPositions!E2:E500,MATCH(1,(CurrentPositions!C2:C500="SECTION_SMALL")*(CurrentPositions!J2:J500=A21),0)),0) | H21: =Scenario_DOWN!B7 | I21: =IF(B21="",0,IF(B21="BUY",(H21-D21)/Settings!$B$3*C21*Settings!$B$4,(D21-H21)/Settings!$B$3*C21*Settings!$B$4)) | J21: =IF(E21="",0,IF(E21="BUY",(H21-G21)/Settings!$B$3*F21*Settings!$B$4,(G21-H21)/Settings!$B$3*F21*Settings!$B$4)) | K21: =C21+F21 | L21: =IF(Settings!$B$19="FULL_CYCLE",2,1) | M21: =Settings!$B$12*Settings!$B$4*K21*L21 | N21: =Settings!$B$13*K21*L21 | O21: =Settings!$B$14*K21 | P21: =M21+N21+O21 | Q21: =I21+J21-P21 | R21: =IF(Q21>0,"YES","NO")
A22: S2 | B22: =IFERROR(INDEX(CurrentPositions!B2:B500,MATCH(1,(CurrentPositions!C2:C500="SECTION_BIG")*(CurrentPositions!J2:J500=A22),0)),"") | C22: =IFERROR(INDEX(CurrentPositions!D2:D500,MATCH(1,(CurrentPositions!C2:C500="SECTION_BIG")*(CurrentPositions!J2:J500=A22),0)),0) | D22: =IFERROR(INDEX(CurrentPositions!E2:E500,MATCH(1,(CurrentPositions!C2:C500="SECTION_BIG")*(CurrentPositions!J2:J500=A22),0)),0) | E22: =IFERROR(INDEX(CurrentPositions!B2:B500,MATCH(1,(CurrentPositions!C2:C500="SECTION_SMALL")*(CurrentPositions!J2:J500=A22),0)),"") | F22: =IFERROR(INDEX(CurrentPositions!D2:D500,MATCH(1,(CurrentPositions!C2:C500="SECTION_SMALL")*(CurrentPositions!J2:J500=A22),0)),0) | G22: =IFERROR(INDEX(CurrentPositions!E2:E500,MATCH(1,(CurrentPositions!C2:C500="SECTION_SMALL")*(CurrentPositions!J2:J500=A22),0)),0) | H22: =Scenario_DOWN!B7 | I22: =IF(B22="",0,IF(B22="BUY",(H22-D22)/Settings!$B$3*C22*Settings!$B$4,(D22-H22)/Settings!$B$3*C22*Settings!$B$4)) | J22: =IF(E22="",0,IF(E22="BUY",(H22-G22)/Settings!$B$3*F22*Settings!$B$4,(G22-H22)/Settings!$B$3*F22*Settings!$B$4)) | K22: =C22+F22 | L22: =IF(Settings!$B$19="FULL_CYCLE",2,1) | M22: =Settings!$B$12*Settings!$B$4*K22*L22 | N22: =Settings!$B$13*K22*L22 | O22: =Settings!$B$14*K22 | P22: =M22+N22+O22 | Q22: =I22+J22-P22 | R22: =IF(Q22>0,"YES","NO")
A23: S3 | B23: =IFERROR(INDEX(CurrentPositions!B2:B500,MATCH(1,(CurrentPositions!C2:C500="SECTION_BIG")*(CurrentPositions!J2:J500=A23),0)),"") | C23: =IFERROR(INDEX(CurrentPositions!D2:D500,MATCH(1,(CurrentPositions!C2:C500="SECTION_BIG")*(CurrentPositions!J2:J500=A23),0)),0) | D23: =IFERROR(INDEX(CurrentPositions!E2:E500,MATCH(1,(CurrentPositions!C2:C500="SECTION_BIG")*(CurrentPositions!J2:J500=A23),0)),0) | E23: =IFERROR(INDEX(CurrentPositions!B2:B500,MATCH(1,(CurrentPositions!C2:C500="SECTION_SMALL")*(CurrentPositions!J2:J500=A23),0)),"") | F23: =IFERROR(INDEX(CurrentPositions!D2:D500,MATCH(1,(CurrentPositions!C2:C500="SECTION_SMALL")*(CurrentPositions!J2:J500=A23),0)),0) | G23: =IFERROR(INDEX(CurrentPositions!E2:E500,MATCH(1,(CurrentPositions!C2:C500="SECTION_SMALL")*(CurrentPositions!J2:J500=A23),0)),0) | H23: =Scenario_DOWN!B7 | I23: =IF(B23="",0,IF(B23="BUY",(H23-D23)/Settings!$B$3*C23*Settings!$B$4,(D23-H23)/Settings!$B$3*C23*Settings!$B$4)) | J23: =IF(E23="",0,IF(E23="BUY",(H23-G23)/Settings!$B$3*F23*Settings!$B$4,(G23-H23)/Settings!$B$3*F23*Settings!$B$4)) | K23: =C23+F23 | L23: =IF(Settings!$B$19="FULL_CYCLE",2,1) | M23: =Settings!$B$12*Settings!$B$4*K23*L23 | N23: =Settings!$B$13*K23*L23 | O23: =Settings!$B$14*K23 | P23: =M23+N23+O23 | Q23: =I23+J23-P23 | R23: =IF(Q23>0,"YES","NO")
A24: S4 | B24: =IFERROR(INDEX(CurrentPositions!B2:B500,MATCH(1,(CurrentPositions!C2:C500="SECTION_BIG")*(CurrentPositions!J2:J500=A24),0)),"") | C24: =IFERROR(INDEX(CurrentPositions!D2:D500,MATCH(1,(CurrentPositions!C2:C500="SECTION_BIG")*(CurrentPositions!J2:J500=A24),0)),0) | D24: =IFERROR(INDEX(CurrentPositions!E2:E500,MATCH(1,(CurrentPositions!C2:C500="SECTION_BIG")*(CurrentPositions!J2:J500=A24),0)),0) | E24: =IFERROR(INDEX(CurrentPositions!B2:B500,MATCH(1,(CurrentPositions!C2:C500="SECTION_SMALL")*(CurrentPositions!J2:J500=A24),0)),"") | F24: =IFERROR(INDEX(CurrentPositions!D2:D500,MATCH(1,(CurrentPositions!C2:C500="SECTION_SMALL")*(CurrentPositions!J2:J500=A24),0)),0) | G24: =IFERROR(INDEX(CurrentPositions!E2:E500,MATCH(1,(CurrentPositions!C2:C500="SECTION_SMALL")*(CurrentPositions!J2:J500=A24),0)),0) | H24: =Scenario_DOWN!B7 | I24: =IF(B24="",0,IF(B24="BUY",(H24-D24)/Settings!$B$3*C24*Settings!$B$4,(D24-H24)/Settings!$B$3*C24*Settings!$B$4)) | J24: =IF(E24="",0,IF(E24="BUY",(H24-G24)/Settings!$B$3*F24*Settings!$B$4,(G24-H24)/Settings!$B$3*F24*Settings!$B$4)) | K24: =C24+F24 | L24: =IF(Settings!$B$19="FULL_CYCLE",2,1) | M24: =Settings!$B$12*Settings!$B$4*K24*L24 | N24: =Settings!$B$13*K24*L24 | O24: =Settings!$B$14*K24 | P24: =M24+N24+O24 | Q24: =I24+J24-P24 | R24: =IF(Q24>0,"YES","NO")
A30: SelectedSectionID | B30: =IFERROR(INDEX(A21:A24,MATCH("YES",R21:R24,0)),"NONE")
A31: CycleProfit | B31: =IF(B30="NONE",0,INDEX(Q21:Q24,MATCH(B30,A21:A24,0)))
A32: CanCloseSection | B32: =IF(B31>0,"YES","NO")
A33: ReserveAdd | B33: =IF(B31>0,B31*Settings!$B$9,0)
A34: RecoveryAdd | B34: =IF(B31>0,B31*Settings!$B$10,0)
A35: NewGlobalReserve | B35: =Settings!$B$17+B33
A36: NewRecoveryFund | B36: =Settings!$B$18+B34

Sheet TailRecovery_UP
A1: Field | B1: Value
A2: TailType | B2: =Scenario_UP!B220
A3: TailTicket | B3: =Scenario_UP!B222
A4: TailLot | B4: =Scenario_UP!B223
A5: TailLossPerLot | B5: =Scenario_UP!B225
A6: CanCloseSection | B6: =SectionCalculator_UP!B32
A7: RecoveryFundAfterCycle | B7: =SectionCalculator_UP!B36
A8: CloseLotRaw | B8: =IF(OR(B6<>"YES",B5=0),0,B7/B5)
A9: CloseLotRounded | B9: =FLOOR(B8,Settings!$B$7)
A10: CloseLotFinal | B10: =IF(B6="YES",MIN(B9,B4),0)
A11: CloseAllowed | B11: =IF(AND(B10>=Settings!$B$6,B6="YES"),"YES","NO")
A12: TailCloseLoss | B12: =B10*B5
A13: RecoveryFundAfterClose | B13: =MAX(0,B7-B12)
A14: TailLotAfterClose | B14: =MAX(0,B4-B10)
A15: NextLevel | B15: =SectionCalculator_UP!B4
A16: NextBigLotAfterRecovery | B16: =FLOOR(B14*INDEX(Settings!B21:B24,MATCH(B15,Settings!A21:A24,0)),Settings!$B$7)
A17: NextSmallLotAfterRecovery | B17: =FLOOR(B14*INDEX(Settings!C21:C24,MATCH(B15,Settings!A21:A24,0)),Settings!$B$7)

Sheet TailRecovery_DOWN
A1: Field | B1: Value
A2: TailType | B2: =Scenario_DOWN!B220
A3: TailTicket | B3: =Scenario_DOWN!B222
A4: TailLot | B4: =Scenario_DOWN!B223
A5: TailLossPerLot | B5: =Scenario_DOWN!B225
A6: CanCloseSection | B6: =SectionCalculator_DOWN!B32
A7: RecoveryFundAfterCycle | B7: =SectionCalculator_DOWN!B36
A8: CloseLotRaw | B8: =IF(OR(B6<>"YES",B5=0),0,B7/B5)
A9: CloseLotRounded | B9: =FLOOR(B8,Settings!$B$7)
A10: CloseLotFinal | B10: =IF(B6="YES",MIN(B9,B4),0)
A11: CloseAllowed | B11: =IF(AND(B10>=Settings!$B$6,B6="YES"),"YES","NO")
A12: TailCloseLoss | B12: =B10*B5
A13: RecoveryFundAfterClose | B13: =MAX(0,B7-B12)
A14: TailLotAfterClose | B14: =MAX(0,B4-B10)
A15: NextLevel | B15: =SectionCalculator_DOWN!B4
A16: NextBigLotAfterRecovery | B16: =FLOOR(B14*INDEX(Settings!B21:B24,MATCH(B15,Settings!A21:A24,0)),Settings!$B$7)
A17: NextSmallLotAfterRecovery | B17: =FLOOR(B14*INDEX(Settings!C21:C24,MATCH(B15,Settings!A21:A24,0)),Settings!$B$7)

Sheet BasketSummary
A1: Field | B1: UP | C1: DOWN
A2: ScenarioPrice | B2: =Scenario_UP!B7 | C2: =Scenario_DOWN!B7
A3: BasketFloating | B3: =SUM(Scenario_UP!H12:H211) | C3: =SUM(Scenario_DOWN!H12:H211)
A4: GlobalReserveAfter | B4: =SectionCalculator_UP!B35 | C4: =SectionCalculator_DOWN!B35
A5: RecoveryFundAfterCycle | B5: =TailRecovery_UP!B7 | C5: =TailRecovery_DOWN!B7
A6: TailLotAfter | B6: =TailRecovery_UP!B14 | C6: =TailRecovery_DOWN!B14
A7: CloseLot | B7: =TailRecovery_UP!B10 | C7: =TailRecovery_DOWN!B10
A8: CanCloseSection | B8: =SectionCalculator_UP!B32 | C8: =SectionCalculator_DOWN!B32
A9: CanCloseTail | B9: =TailRecovery_UP!B11 | C9: =TailRecovery_DOWN!B11
A10: CanCloseBasket | B10: =IF(B3+B4>=Settings!$B$11,"YES","NO") | C10: =IF(C3+C4>=Settings!$B$11,"YES","NO")
A11: NextBigLot | B11: =TailRecovery_UP!B16 | C11: =TailRecovery_DOWN!B16
A12: NextSmallLot | B12: =TailRecovery_UP!B17 | C12: =TailRecovery_DOWN!B17
A13: NextAction | B13: =IF(B10="YES","BASKET_CLOSE",IF(B8="NO","WAIT",IF(B9="YES","CLOSE_SECTION+CLOSE_TAIL","SAFE"))) | C13: =IF(C10="YES","BASKET_CLOSE",IF(C8="NO","WAIT",IF(C9="YES","CLOSE_SECTION+CLOSE_TAIL","SAFE")))
A14: HumanReadableAction | B14: =ScenarioText_UP!B31 | C14: =ScenarioText_DOWN!B31

Sheet Validation
A1: Rule | B1: UP | C1: DOWN
A2: CycleProfit > 0 before close section | B2: =IF(OR(SectionCalculator_UP!B31>0,SectionCalculator_UP!B32="NO"),"OK","ERROR") | C2: =IF(OR(SectionCalculator_DOWN!B31>0,SectionCalculator_DOWN!B32="NO"),"OK","ERROR")
A3: CloseLot = 0 if CanCloseSection=NO | B3: =IF(OR(SectionCalculator_UP!B32="YES",TailRecovery_UP!B10=0),"OK","ERROR") | C3: =IF(OR(SectionCalculator_DOWN!B32="YES",TailRecovery_DOWN!B10=0),"OK","ERROR")
A4: TailCloseLoss <= RecoveryFundAfterCycle | B4: =IF(TailRecovery_UP!B12<=TailRecovery_UP!B7,"OK","ERROR") | C4: =IF(TailRecovery_DOWN!B12<=TailRecovery_DOWN!B7,"OK","ERROR")
A5: LevelReached before open section | B5: =IF(SectionCalculator_UP!B12="YES","OK",IF(SectionCalculator_UP!B14="NO","BLOCKED","ERROR")) | C5: =IF(SectionCalculator_DOWN!B12="YES","OK",IF(SectionCalculator_DOWN!B14="NO","BLOCKED","ERROR"))
A6: No opposite cascade active | B6: =IF(SectionCalculator_UP!B13="YES","OK","BLOCKED") | C6: =IF(SectionCalculator_DOWN!B13="YES","OK","BLOCKED")
A7: Tail exists when loss exists | B7: =IF(AND(COUNTIFS(Scenario_UP!B12:B211,"SELL",Scenario_UP!H12:H211,"<0")>0,Scenario_UP!B222="N/A"),"ERROR","OK") | C7: =IF(AND(COUNTIFS(Scenario_DOWN!B12:B211,"BUY",Scenario_DOWN!H12:H211,"<0")>0,Scenario_DOWN!B222="N/A"),"ERROR","OK")
A8: ScenarioText action equals BasketSummary action | B8: =IF(OR(AND(BasketSummary!B13="BASKET_CLOSE",ScenarioText_UP!B31="ЗАКРЫТЬ ВСЮ КОРЗИНУ"),BasketSummary!B13<>"BASKET_CLOSE"),"OK","ERROR") | C8: =IF(OR(AND(BasketSummary!C13="BASKET_CLOSE",ScenarioText_DOWN!B31="ЗАКРЫТЬ ВСЮ КОРЗИНУ"),BasketSummary!C13<>"BASKET_CLOSE"),"OK","ERROR")
A9: NextTriggerLevel is numeric | B9: =IF(OR(ISNUMBER(ScenarioText_UP!B9),ScenarioText_UP!B9="Уровень не рассчитан"),"OK","ERROR") | C9: =IF(OR(ISNUMBER(ScenarioText_DOWN!B9),ScenarioText_DOWN!B9="Уровень не рассчитан"),"OK","ERROR")
A10: DistancePoints is numeric | B10: =IF(OR(ISNUMBER(ScenarioText_UP!B10),ScenarioText_UP!B10="Расстояние не рассчитано"),"OK","ERROR") | C10: =IF(OR(ISNUMBER(ScenarioText_DOWN!B10),ScenarioText_DOWN!B10="Расстояние не рассчитано"),"OK","ERROR")
A11: ScenarioMid is numeric | B11: =IF(ISNUMBER(ScenarioText_UP!B7),"OK","ERROR") | C11: =IF(ISNUMBER(ScenarioText_DOWN!B7),"OK","ERROR")
A12: ScenarioSpread is numeric | B12: =IF(ISNUMBER(ScenarioText_UP!B8),"OK","ERROR") | C12: =IF(ISNUMBER(ScenarioText_DOWN!B8),"OK","ERROR")
A13: ScenarioSpread bounds | B13: =IF(AND(ScenarioText_UP!B8>0,ScenarioText_UP!B8<1000),"OK","ERROR") | C13: =IF(AND(ScenarioText_DOWN!B8>0,ScenarioText_DOWN!B8<1000),"OK","ERROR")
A14: Scenario_* B8 not empty | B14: =IF(Scenario_UP!B8<>"","OK","ERROR") | C14: =IF(Scenario_DOWN!B8<>"","OK","ERROR")
A15: No legacy single-price wording | B15: =IF(ISERROR(SEARCH("Сценарная цена",ScenarioText_UP!B46)),"OK","ERROR") | C15: =IF(ISERROR(SEARCH("Сценарная цена",ScenarioText_DOWN!B46)),"OK","ERROR")
A16: ScenarioText B9!=B5 | B16: =IF(ScenarioText_UP!B9<>ScenarioText_UP!B5,"OK","ERROR") | C16: =IF(ScenarioText_DOWN!B9<>ScenarioText_DOWN!B5,"OK","ERROR")
A17: ScenarioText B10!=B6 | B17: =IF(ScenarioText_UP!B10<>ScenarioText_UP!B6,"OK","ERROR") | C17: =IF(ScenarioText_DOWN!B10<>ScenarioText_DOWN!B6,"OK","ERROR")
A18: HumanReadableAction not empty | B18: =IF(AND(ScenarioText_UP!B31<>"",ISNUMBER(ScenarioText_UP!B4)),"OK","ERROR") | C18: =IF(AND(ScenarioText_DOWN!B31<>"",ISNUMBER(ScenarioText_DOWN!B4)),"OK","ERROR")
A19: ReserveAdd mapping sync | B19: =IF(ScenarioText_UP!B19=SectionCalculator_UP!B33,"OK","ERROR") | C19: =IF(ScenarioText_DOWN!B19=SectionCalculator_DOWN!B33,"OK","ERROR")
A20: RecoveryAdd mapping sync | B20: =IF(ScenarioText_UP!B20=SectionCalculator_UP!B34,"OK","ERROR") | C20: =IF(ScenarioText_DOWN!B20=SectionCalculator_DOWN!B34,"OK","ERROR")
A21: TailTicket not mapped as lot | B21: =IF(AND(ISNUMBER(ScenarioText_UP!B24),ScenarioText_UP!B24>1000,ISNUMBER(ScenarioText_UP!B25),ScenarioText_UP!B25>100),"ERROR","OK") | C21: =IF(AND(ISNUMBER(ScenarioText_DOWN!B24),ScenarioText_DOWN!B24>1000,ISNUMBER(ScenarioText_DOWN!B25),ScenarioText_DOWN!B25>100),"ERROR","OK")
A22: Tail lot reasonable | B22: =IF(AND(ISNUMBER(ScenarioText_UP!B25),ScenarioText_UP!B25>100),"ERROR","OK") | C22: =IF(AND(ISNUMBER(ScenarioText_DOWN!B25),ScenarioText_DOWN!B25>100),"ERROR","OK")
A23: Tail остаток <= исходного | B23: =IF(AND(ISNUMBER(ScenarioText_UP!B37),ISNUMBER(ScenarioText_UP!B25),ScenarioText_UP!B37>ScenarioText_UP!B25),"ERROR","OK") | C23: =IF(AND(ISNUMBER(ScenarioText_DOWN!B37),ISNUMBER(ScenarioText_DOWN!B25),ScenarioText_DOWN!B37>ScenarioText_DOWN!B25),"ERROR","OK")
A24: RecoveryFundAfter >= 0 | B24: =IF(TailRecovery_UP!B13<0,"ERROR","OK") | C24: =IF(TailRecovery_DOWN!B13<0,"ERROR","OK")
A25: CloseLotFinal <= TailLot | B25: =IF(TailRecovery_UP!B10>TailRecovery_UP!B4,"ERROR","OK") | C25: =IF(TailRecovery_DOWN!B10>TailRecovery_DOWN!B4,"ERROR","OK")
A26: TailLotAfter >= 0 | B26: =IF(TailRecovery_UP!B14<0,"ERROR","OK") | C26: =IF(TailRecovery_DOWN!B14<0,"ERROR","OK")
A27: ScenarioText SAFE not empty | B27: =IF(ScenarioText_UP!B38<>"","OK","ERROR") | C27: =IF(ScenarioText_DOWN!B38<>"","OK","ERROR")
A28: ScenarioText SAFE equals Log SAFE | B28: =IF(ScenarioText_UP!B38=Log!K2,"OK","ERROR") | C28: =IF(ScenarioText_DOWN!B38=Log!K3,"OK","ERROR")
A29: Detailed recommendation block not empty | B29: =IF(AND(ScenarioText_UP!A39<>"",ScenarioText_UP!A39<>0),"OK","ERROR") | C29: =IF(AND(ScenarioText_DOWN!A39<>"",ScenarioText_DOWN!A39<>0),"OK","ERROR")

Sheet Log
A1: Время | B1: Направление | C1: Сценарий | D1: Действие | E1: Хвост до закрытия | F1: Закрываемый лот хвоста | G1: Хвост после закрытия | H1: RecoveryFund до | I1: RecoveryFund после | J1: Резерв после | K1: SAFE
A2: =NOW() | B2: ВВЕРХ | C2: ScenarioText_UP | D2: =IF(BasketSummary!B13="WAIT","ЖДАТЬ",IF(BasketSummary!B13="SAFE","SAFE",IF(BasketSummary!B13="BASKET_CLOSE","ЗАКРЫТЬ ВСЮ КОРЗИНУ",IF(AND(TailRecovery_UP!B10>0,TailRecovery_UP!B10<TailRecovery_UP!B4),"ЗАКРЫТЬ ХВОСТ ЧАСТИЧНО","ЗАКРЫТЬ СЕКЦИЮ")))) | E2: =IFERROR(TailRecovery_UP!B4,0) | F2: =IFERROR(TailRecovery_UP!B10,0) | G2: =IFERROR(TailRecovery_UP!B14,0) | H2: =IFERROR(TailRecovery_UP!B7,0) | I2: =IFERROR(TailRecovery_UP!B13,0) | J2: =IFERROR(SectionCalculator_UP!B35,0) | K2: =IF(BasketSummary!B13="SAFE","ДА","НЕТ")
A3: =NOW() | B3: ВНИЗ | C3: ScenarioText_DOWN | D3: =IF(BasketSummary!C13="WAIT","ЖДАТЬ",IF(BasketSummary!C13="SAFE","SAFE",IF(BasketSummary!C13="BASKET_CLOSE","ЗАКРЫТЬ ВСЮ КОРЗИНУ",IF(AND(TailRecovery_DOWN!B10>0,TailRecovery_DOWN!B10<TailRecovery_DOWN!B4),"ЗАКРЫТЬ ХВОСТ ЧАСТИЧНО","ЗАКРЫТЬ СЕКЦИЮ")))) | E3: =IFERROR(TailRecovery_DOWN!B4,0) | F3: =IFERROR(TailRecovery_DOWN!B10,0) | G3: =IFERROR(TailRecovery_DOWN!B14,0) | H3: =IFERROR(TailRecovery_DOWN!B7,0) | I3: =IFERROR(TailRecovery_DOWN!B13,0) | J3: =IFERROR(SectionCalculator_DOWN!B35,0) | K3: =IF(BasketSummary!C13="SAFE","ДА","НЕТ")

Sheet ScenarioText_UP
A1: Field | B1: Value
A2: Название сценария | B2: ="СЦЕНАРИЙ: ЦЕНА ИДЕТ ВВЕРХ"
A3: Текущий Bid | B3: =IFERROR(Scenario_UP!B2,0)
A4: Текущий Ask | B4: =IFERROR(Scenario_UP!B3,0)
A5: Сценарный Bid | B5: =IFERROR(Scenario_UP!B5,0)
A6: Сценарный Ask | B6: =IFERROR(Scenario_UP!B6,0)
A7: Сценарный Mid | B7: =IFERROR(Scenario_UP!B7,0)
A8: Сценарный Spread | B8: =IFERROR(Scenario_UP!B8,0)
A9: Следующий уровень открытия | B9: =IFERROR(IF(SectionCalculator_UP!B4=1,Scenario_UP!N4,IF(SectionCalculator_UP!B4=2,Scenario_UP!N5,IF(SectionCalculator_UP!B4=3,Scenario_UP!N6,IF(SectionCalculator_UP!B4=4,Scenario_UP!N7,"Уровень не рассчитан")))),"Уровень не рассчитан")
A10: Расстояние до уровня, пунктов | B10: =IF(OR(B9="Уровень не рассчитан",B7=""),"Расстояние не рассчитано",ROUND(ABS(B9-B7)/Settings!$B$3,0))
A11: Большая позиция | B11: =IFERROR(IF(TailRecovery_UP!B16>0,IF("UP"="UP","SELL ","BUY ")&TEXT(TailRecovery_UP!B16,"0.00"),"Не открывать"),"Не открывать")
A12: Малая защитная позиция | B12: =IFERROR(IF(TailRecovery_UP!B17>0,IF("UP"="UP","BUY ","SELL ")&TEXT(TailRecovery_UP!B17,"0.00"),"Не открывать"),"Не открывать")
A13: Уровень секции | B13: =IFERROR(SectionCalculator_UP!B4,0)
A14: Нет встречного каскада | B14: =IF(SectionCalculator_UP!B13="YES","ДА","НЕТ")
A15: Можно закрыть секцию | B15: =IF(SectionCalculator_UP!B32="YES","ДА","НЕТ")
A16: Можно закрыть хвост | B16: =IF(TailRecovery_UP!B11="YES","ДА","НЕТ")
A18: Прибыль цикла | B18: =IFERROR(SectionCalculator_UP!B31,0)
A19: Добавить в резерв | B19: =IFERROR(SectionCalculator_UP!B33,0)
A20: Добавить в RecoveryFund | B20: =IFERROR(SectionCalculator_UP!B34,0)
A21: Резерв после | B21: =IFERROR(SectionCalculator_UP!B35,0)
A22: RecoveryFund после цикла | B22: =IFERROR(SectionCalculator_UP!B36,0)
A23: Тип хвоста | B23: =IF(OR(TailRecovery_UP!B2="",TailRecovery_UP!B2="N/A"),"Хвост не найден",TailRecovery_UP!B2)
A24: Тикет хвоста | B24: =IFERROR(TailRecovery_UP!B3,"N/A")
A25: Лот хвоста | B25: =IFERROR(IF(TailRecovery_UP!B4>0,TailRecovery_UP!B4,"Хвост не найден"),"Хвост не найден")
A26: Убыток хвоста на 1 лот | B26: =IFERROR(TailRecovery_UP!B5,0)
A27: RecoveryFund до закрытия | B27: =IFERROR(TailRecovery_UP!B7,0)
A28: Расчётный лот закрытия | B28: =IFERROR(TailRecovery_UP!B8,0)
A29: Округлённый лот закрытия | B29: =IFERROR(TailRecovery_UP!B9,0)
A30: Итоговый лот закрытия | B30: =IFERROR(TailRecovery_UP!B10,0)
A31: HumanReadableAction | B31: =IF(BasketSummary!B13="BASKET_CLOSE","ЗАКРЫТЬ ВСЮ КОРЗИНУ",IF(BasketSummary!B13="CLOSE_SECTION+CLOSE_TAIL","ЗАКРЫТЬ СЕКЦИЮ + ЗАКРЫТЬ ХВОСТ",IF(BasketSummary!B13="CLOSE_SECTION","ЗАКРЫТЬ СЕКЦИЮ",IF(BasketSummary!B13="OPEN_SECTION","ОТКРЫТЬ СЕКЦИЮ",IF(BasketSummary!B13="SAFE","SAFE",IF(BasketSummary!B13="WAIT","ЖДАТЬ","BLOCKED"))))))
A34: Разрешено закрытие хвоста | B34: =IF(TailRecovery_UP!B11="YES","ДА","НЕТ")
A35: Убыток закрываемой части | B35: =IFERROR(TailRecovery_UP!B12,0)
A36: RecoveryFund после закрытия | B36: =IFERROR(TailRecovery_UP!B13,0)
A37: Остаток хвоста | B37: =IFERROR(TailRecovery_UP!B14,0)
A38: SAFE | B38: =IF(BasketSummary!B13="SAFE","ДА","НЕТ")
A39: ="ПОДРОБНАЯ РЕКОМЕНДАЦИЯ"&CHAR(10)&CHAR(10)&"Сценарий: цена идет вверх."&CHAR(10)&"Текущий Bid: "&TEXT(B3,"0.00000")&CHAR(10)&"Текущий Ask: "&TEXT(B4,"0.00000")&CHAR(10)&"Сценарный Bid: "&TEXT(B5,"0.00000")&CHAR(10)&"Сценарный Ask: "&TEXT(B6,"0.00000")&CHAR(10)&"Сценарный Mid: "&TEXT(B7,"0.00000")&CHAR(10)&"Spread: "&TEXT(B8,"0")&" пунктов"&CHAR(10)&"Следующий уровень: "&IF(ISNUMBER(B9),TEXT(B9,"0.00000"),B9)&CHAR(10)&"Расстояние до уровня: "&IF(ISNUMBER(B10),TEXT(B10,"0")&" пунктов",B10)&CHAR(10)&CHAR(10)&"Рекомендация по секции: "&B11&" / "&B12&CHAR(10)&"Можно открыть секцию: "&IF(SectionCalculator_UP!B14="YES","ДА","НЕТ")&CHAR(10)&"Можно закрыть секцию: "&B15&CHAR(10)&"Можно закрыть хвост: "&B16&CHAR(10)&CHAR(10)&"Тип хвоста: "&B23&CHAR(10)&"Тикет хвоста: "&IF(ISNUMBER(B24),TEXT(B24,"0"),B24)&CHAR(10)&"Лот хвоста до закрытия: "&IF(ISNUMBER(B25),TEXT(B25,"0.00"),B25)&CHAR(10)&"Итоговый лот закрытия: "&IF(ISNUMBER(B30),TEXT(B30,"0.00"),"0.00")&CHAR(10)&"Остаток хвоста после закрытия: "&TEXT(TailRecovery_UP!B14,"0.00")&CHAR(10)&CHAR(10)&"RecoveryFund после: "&TEXT(TailRecovery_UP!B13,"0.00")&CHAR(10)&"ДЕЙСТВИЕ: "&B31&CHAR(10)&"Если открывать секцию: "&B11&" / "&B12&CHAR(10)&"Если закрывать хвост: тип="&B23&", тикет="&IF(ISNUMBER(B24),TEXT(B24,"0"),B24)&", до="&IF(ISNUMBER(B25),TEXT(B25,"0.00"),B25)&", закрыть="&TEXT(B30,"0.00")&", остаток="&TEXT(TailRecovery_UP!B14,"0.00")&CHAR(10)&"Добавить в резерв: "&TEXT(B19,"0.00")&"; Добавить в RecoveryFund: "&TEXT(B20,"0.00")&CHAR(10)&"Резерв после: "&TEXT(B21,"0.00")&"; RecoveryFund после цикла: "&TEXT(B22,"0.00")&CHAR(10)&"RecoveryFund до/после закрытия хвоста: "&TEXT(B27,"0.00")&" / "&TEXT(TailRecovery_UP!B13,"0.00")&CHAR(10)&"SAFE: "&B38&CHAR(10)&"ИТОГОВОЕ ДЕЙСТВИЕ: "&B31

Sheet ScenarioText_DOWN
A1: Field | B1: Value
A2: Название сценария | B2: ="СЦЕНАРИЙ: ЦЕНА ИДЕТ ВНИЗ"
A3: Текущий Bid | B3: =IFERROR(Scenario_DOWN!B2,0)
A4: Текущий Ask | B4: =IFERROR(Scenario_DOWN!B3,0)
A5: Сценарный Bid | B5: =IFERROR(Scenario_DOWN!B5,0)
A6: Сценарный Ask | B6: =IFERROR(Scenario_DOWN!B6,0)
A7: Сценарный Mid | B7: =IFERROR(Scenario_DOWN!B7,0)
A8: Сценарный Spread | B8: =IFERROR(Scenario_DOWN!B8,0)
A9: Следующий уровень открытия | B9: =IFERROR(IF(SectionCalculator_DOWN!B4=1,Scenario_DOWN!N9,IF(SectionCalculator_DOWN!B4=2,Scenario_DOWN!N10,IF(SectionCalculator_DOWN!B4=3,Scenario_DOWN!N11,IF(SectionCalculator_DOWN!B4=4,Scenario_DOWN!N12,"Уровень не рассчитан")))),"Уровень не рассчитан")
A10: Расстояние до уровня, пунктов | B10: =IF(OR(B9="Уровень не рассчитан",B7=""),"Расстояние не рассчитано",ROUND(ABS(B9-B7)/Settings!$B$3,0))
A11: Большая позиция | B11: =IFERROR(IF(TailRecovery_DOWN!B16>0,IF("DOWN"="UP","SELL ","BUY ")&TEXT(TailRecovery_DOWN!B16,"0.00"),"Не открывать"),"Не открывать")
A12: Малая защитная позиция | B12: =IFERROR(IF(TailRecovery_DOWN!B17>0,IF("DOWN"="UP","BUY ","SELL ")&TEXT(TailRecovery_DOWN!B17,"0.00"),"Не открывать"),"Не открывать")
A13: Уровень секции | B13: =IFERROR(SectionCalculator_DOWN!B4,0)
A14: Нет встречного каскада | B14: =IF(SectionCalculator_DOWN!B13="YES","ДА","НЕТ")
A15: Можно закрыть секцию | B15: =IF(SectionCalculator_DOWN!B32="YES","ДА","НЕТ")
A16: Можно закрыть хвост | B16: =IF(TailRecovery_DOWN!B11="YES","ДА","НЕТ")
A18: Прибыль цикла | B18: =IFERROR(SectionCalculator_DOWN!B31,0)
A19: Добавить в резерв | B19: =IFERROR(SectionCalculator_DOWN!B33,0)
A20: Добавить в RecoveryFund | B20: =IFERROR(SectionCalculator_DOWN!B34,0)
A21: Резерв после | B21: =IFERROR(SectionCalculator_DOWN!B35,0)
A22: RecoveryFund после цикла | B22: =IFERROR(SectionCalculator_DOWN!B36,0)
A23: Тип хвоста | B23: =IF(OR(TailRecovery_DOWN!B2="",TailRecovery_DOWN!B2="N/A"),"Хвост не найден",TailRecovery_DOWN!B2)
A24: Тикет хвоста | B24: =IFERROR(TailRecovery_DOWN!B3,"N/A")
A25: Лот хвоста | B25: =IFERROR(IF(TailRecovery_DOWN!B4>0,TailRecovery_DOWN!B4,"Хвост не найден"),"Хвост не найден")
A26: Убыток хвоста на 1 лот | B26: =IFERROR(TailRecovery_DOWN!B5,0)
A27: RecoveryFund до закрытия | B27: =IFERROR(TailRecovery_DOWN!B7,0)
A28: Расчётный лот закрытия | B28: =IFERROR(TailRecovery_DOWN!B8,0)
A29: Округлённый лот закрытия | B29: =IFERROR(TailRecovery_DOWN!B9,0)
A30: Итоговый лот закрытия | B30: =IFERROR(TailRecovery_DOWN!B10,0)
A31: HumanReadableAction | B31: =IF(BasketSummary!C13="BASKET_CLOSE","ЗАКРЫТЬ ВСЮ КОРЗИНУ",IF(BasketSummary!C13="CLOSE_SECTION+CLOSE_TAIL","ЗАКРЫТЬ СЕКЦИЮ + ЗАКРЫТЬ ХВОСТ",IF(BasketSummary!C13="CLOSE_SECTION","ЗАКРЫТЬ СЕКЦИЮ",IF(BasketSummary!C13="OPEN_SECTION","ОТКРЫТЬ СЕКЦИЮ",IF(BasketSummary!C13="SAFE","SAFE",IF(BasketSummary!C13="WAIT","ЖДАТЬ","BLOCKED"))))))
A34: Разрешено закрытие хвоста | B34: =IF(TailRecovery_DOWN!B11="YES","ДА","НЕТ")
A35: Убыток закрываемой части | B35: =IFERROR(TailRecovery_DOWN!B12,0)
A36: RecoveryFund после закрытия | B36: =IFERROR(TailRecovery_DOWN!B13,0)
A37: Остаток хвоста | B37: =IFERROR(TailRecovery_DOWN!B14,0)
A38: SAFE | B38: =IF(BasketSummary!C13="SAFE","ДА","НЕТ")
A39: ="ПОДРОБНАЯ РЕКОМЕНДАЦИЯ"&CHAR(10)&CHAR(10)&"Сценарий: цена идет вниз."&CHAR(10)&"Текущий Bid: "&TEXT(B3,"0.00000")&CHAR(10)&"Текущий Ask: "&TEXT(B4,"0.00000")&CHAR(10)&"Сценарный Bid: "&TEXT(B5,"0.00000")&CHAR(10)&"Сценарный Ask: "&TEXT(B6,"0.00000")&CHAR(10)&"Сценарный Mid: "&TEXT(B7,"0.00000")&CHAR(10)&"Spread: "&TEXT(B8,"0")&" пунктов"&CHAR(10)&"Следующий уровень: "&IF(ISNUMBER(B9),TEXT(B9,"0.00000"),B9)&CHAR(10)&"Расстояние до уровня: "&IF(ISNUMBER(B10),TEXT(B10,"0")&" пунктов",B10)&CHAR(10)&CHAR(10)&"Рекомендация по секции: "&B11&" / "&B12&CHAR(10)&"Можно открыть секцию: "&IF(SectionCalculator_DOWN!B14="YES","ДА","НЕТ")&CHAR(10)&"Можно закрыть секцию: "&B15&CHAR(10)&"Можно закрыть хвост: "&B16&CHAR(10)&CHAR(10)&"Тип хвоста: "&B23&CHAR(10)&"Тикет хвоста: "&IF(ISNUMBER(B24),TEXT(B24,"0"),B24)&CHAR(10)&"Лот хвоста до закрытия: "&IF(ISNUMBER(B25),TEXT(B25,"0.00"),B25)&CHAR(10)&"Итоговый лот закрытия: "&IF(ISNUMBER(B30),TEXT(B30,"0.00"),"0.00")&CHAR(10)&"Остаток хвоста после закрытия: "&TEXT(TailRecovery_DOWN!B14,"0.00")&CHAR(10)&CHAR(10)&"RecoveryFund после: "&TEXT(TailRecovery_DOWN!B13,"0.00")&CHAR(10)&"ДЕЙСТВИЕ: "&B31&CHAR(10)&"Если открывать секцию: "&B11&" / "&B12&CHAR(10)&"Если закрывать хвост: тип="&B23&", тикет="&IF(ISNUMBER(B24),TEXT(B24,"0"),B24)&", до="&IF(ISNUMBER(B25),TEXT(B25,"0.00"),B25)&", закрыть="&TEXT(B30,"0.00")&", остаток="&TEXT(TailRecovery_DOWN!B14,"0.00")&CHAR(10)&"Добавить в резерв: "&TEXT(B19,"0.00")&"; Добавить в RecoveryFund: "&TEXT(B20,"0.00")&CHAR(10)&"Резерв после: "&TEXT(B21,"0.00")&"; RecoveryFund после цикла: "&TEXT(B22,"0.00")&CHAR(10)&"RecoveryFund до/после закрытия хвоста: "&TEXT(B27,"0.00")&" / "&TEXT(TailRecovery_DOWN!B13,"0.00")&CHAR(10)&"SAFE: "&B38&CHAR(10)&"ИТОГОВОЕ ДЕЙСТВИЕ: "&B31

Sheet FormulaDependencyMap
A1: Cell | B1: Formula | C1: DependsOn | D1: UsedBy | E1: Description
A2: Scenario_UP!B5 | B2: '=B2+B4*Settings!B3 | C2: Scenario_UP!B2, Scenario_UP!B4, Settings!B3 | D2: Scenario_UP!B7:B8, SectionCalculator_UP!B12, ScenarioText_UP!B5 | E2: ScenarioBid
A3: Scenario_UP!B6 | B3: '=B3+B4*Settings!B3 | C3: Scenario_UP!B3, Scenario_UP!B4, Settings!B3 | D3: Scenario_UP!B7:B8, Scenario_UP!F12:F211, ScenarioText_UP!B6 | E3: ScenarioAsk
A4: Scenario_UP!B7 | B4: '=(B5+B6)/2 | C4: Scenario_UP!B5, Scenario_UP!B6 | D4: SectionCalculator_UP!B12, ScenarioText_UP!B7 | E4: ScenarioMid
A5: Scenario_UP!B8 | B5: '=(B6-B5)/Settings!B3 | C5: Scenario_UP!B6, Scenario_UP!B5, Settings!B3 | D5: ScenarioText_UP!B8 | E5: ScenarioSpread
A6: Scenario_UP!K12:L211 | B6: PnL helper range | C6: Scenario_UP!C12:F211, Settings!B3 | D6: Scenario_UP!B221:B223 | E6: Tail helper range
A7: Scenario_UP!B221 | B7: '=IF(COUNT(K12:K211)=0,0,MIN(K12:K211)) | C7: Scenario_UP!K12:K211 | D7: Scenario_UP!B222 | E7: TailWorstPnL
A8: Scenario_UP!B222 | B8: '=IF(B221=0,"N/A",MIN(L12:L211)) | C8: Scenario_UP!B221, Scenario_UP!L12:L211 | D8: Scenario_UP!B223, ScenarioText_UP!B24 | E8: TailTicket
A9: BasketSummary!B13 | B9: '=IF(...) | C9: BasketSummary!B8, BasketSummary!B9, BasketSummary!B10 | D9: ScenarioText_UP!B31, ScenarioText_UP!B38, Log!D2, Log!K2 | E9: NextAction
A10: ScenarioText_UP!B31 | B10: '=IF(BasketSummary!B13...) | C10: BasketSummary!B13 | D10: ScenarioText_UP!B46 | E10: HumanReadableAction
A11: ScenarioText_UP!B38 | B11: '=IF(BasketSummary!B13="SAFE","ДА","НЕТ") | C11: BasketSummary!B13 | D11: ScenarioText_UP!B46, Validation | E11: SAFE flag
